,sample.ID,project.ID
0,DRS087523,PRJDB4176
1,DRS087532,PRJDB4176
2,DRS087533,PRJDB4176
3,DRS087534,PRJDB4176
4,DRS087536,PRJDB4176
5,DRS087537,PRJDB4176
6,DRS087538,PRJDB4176
7,DRS087544,PRJDB4176
8,DRS087545,PRJDB4176
9,DRS087547,PRJDB4176
10,DRS087548,PRJDB4176
11,DRS087550,PRJDB4176
12,DRS087551,PRJDB4176
13,DRS087553,PRJDB4176
14,DRS087555,PRJDB4176
15,DRS087556,PRJDB4176
16,DRS087560,PRJDB4176
17,DRS087563,PRJDB4176
18,DRS087565,PRJDB4176
19,DRS087567,PRJDB4176
20,DRS087569,PRJDB4176
21,DRS087570,PRJDB4176
22,DRS087572,PRJDB4176
23,DRS087575,PRJDB4176
24,DRS087576,PRJDB4176
25,DRS087577,PRJDB4176
26,DRS087578,PRJDB4176
27,DRS087579,PRJDB4176
28,DRS087581,PRJDB4176
29,DRS087582,PRJDB4176
30,DRS087583,PRJDB4176
31,DRS087585,PRJDB4176
32,DRS087586,PRJDB4176
33,DRS087587,PRJDB4176
34,DRS087588,PRJDB4176
35,DRS087591,PRJDB4176
36,DRS087592,PRJDB4176
37,DRS087594,PRJDB4176
38,DRS087595,PRJDB4176
54,DRS090823,PRJDB4176
55,DRS090824,PRJDB4176
56,DRS090825,PRJDB4176
57,DRS090826,PRJDB4176
58,DRS090832,PRJDB4176
59,DRS090836,PRJDB4176
60,DRS090840,PRJDB4176
61,DRS090844,PRJDB4176
62,DRS090846,PRJDB4176
63,DRS090854,PRJDB4176
64,DRS090861,PRJDB4176
65,DRS090862,PRJDB4176
66,DRS090864,PRJDB4176
67,DRS090869,PRJDB4176
68,DRS090870,PRJDB4176
69,DRS090871,PRJDB4176
70,DRS090872,PRJDB4176
71,DRS090876,PRJDB4176
72,DRS090878,PRJDB4176
73,DRS090881,PRJDB4176
74,DRS090882,PRJDB4176
75,DRS090885,PRJDB4176
76,DRS090890,PRJDB4176
77,DRS090892,PRJDB4176
78,DRS090895,PRJDB4176
79,DRS090897,PRJDB4176
80,DRS090900,PRJDB4176
81,DRS090901,PRJDB4176
82,DRS090906,PRJDB4176
83,DRS090909,PRJDB4176
84,DRS090911,PRJDB4176
85,DRS090912,PRJDB4176
86,DRS090915,PRJDB4176
87,DRS090916,PRJDB4176
88,DRS090920,PRJDB4176
89,DRS090924,PRJDB4176
90,DRS090928,PRJDB4176
91,DRS090932,PRJDB4176
92,DRS090933,PRJDB4176
93,DRS090937,PRJDB4176
94,DRS090939,PRJDB4176
95,DRS090941,PRJDB4176
96,DRS090942,PRJDB4176
97,DRS090944,PRJDB4176
98,DRS090948,PRJDB4176
99,DRS090949,PRJDB4176
100,DRS090951,PRJDB4176
101,DRS090954,PRJDB4176
102,DRS090955,PRJDB4176
103,DRS090961,PRJDB4176
104,DRS090962,PRJDB4176
105,DRS090963,PRJDB4176
106,DRS090964,PRJDB4176
107,DRS090969,PRJDB4176
108,DRS090971,PRJDB4176
109,DRS090975,PRJDB4176
110,DRS090985,PRJDB4176
111,DRS090989,PRJDB4176
112,DRS090996,PRJDB4176
113,DRS090998,PRJDB4176
114,DRS091001,PRJDB4176
115,DRS091014,PRJDB4176
116,DRS091016,PRJDB4176
117,DRS091018,PRJDB4176
118,DRS091020,PRJDB4176
119,DRS091021,PRJDB4176
120,DRS091022,PRJDB4176
121,DRS091024,PRJDB4176
122,DRS091027,PRJDB4176
123,DRS091029,PRJDB4176
124,DRS091030,PRJDB4176
125,DRS091032,PRJDB4176
126,DRS091033,PRJDB4176
127,DRS091034,PRJDB4176
128,DRS091035,PRJDB4176
129,DRS091037,PRJDB4176
130,DRS091038,PRJDB4176
131,DRS091040,PRJDB4176
132,DRS091041,PRJDB4176
133,DRS091042,PRJDB4176
134,DRS091047,PRJDB4176
135,DRS091049,PRJDB4176
136,DRS091050,PRJDB4176
137,DRS091051,PRJDB4176
138,DRS091052,PRJDB4176
139,DRS091053,PRJDB4176
140,DRS091056,PRJDB4176
141,DRS091058,PRJDB4176
142,DRS091063,PRJDB4176
143,DRS091064,PRJDB4176
39,DRS091367,PRJDB4176
40,DRS091372,PRJDB4176
41,DRS091373,PRJDB4176
42,DRS091374,PRJDB4176
43,DRS091375,PRJDB4176
44,DRS091376,PRJDB4176
45,DRS091377,PRJDB4176
46,DRS091378,PRJDB4176
47,DRS091379,PRJDB4176
48,DRS091380,PRJDB4176
49,DRS091381,PRJDB4176
50,DRS091382,PRJDB4176
51,DRS091383,PRJDB4176
52,DRS091384,PRJDB4176
53,DRS091385,PRJDB4176
144,DRS096198,PRJDB4176
145,DRS096199,PRJDB4176
373,ERS006492,PRJEB2054
371,ERS006510,PRJEB2054
367,ERS006524,PRJEB2054
363,ERS006526,PRJEB2054
364,ERS006539,PRJEB2054
369,ERS006545,PRJEB2054
361,ERS006559,PRJEB2054
360,ERS006566,PRJEB2054
362,ERS006574,PRJEB2054
370,ERS006575,PRJEB2054
368,ERS006587,PRJEB2054
372,ERS006594,PRJEB2054
365,ERS006599,PRJEB2054
366,ERS006602,PRJEB2054
146,ERS1066634,PRJEB12449
147,ERS1066636,PRJEB12449
148,ERS1066637,PRJEB12449
149,ERS1066638,PRJEB12449
150,ERS1066641,PRJEB12449
151,ERS1066643,PRJEB12449
152,ERS1066647,PRJEB12449
153,ERS1066648,PRJEB12449
154,ERS1066656,PRJEB12449
155,ERS1066657,PRJEB12449
156,ERS1066658,PRJEB12449
157,ERS1066659,PRJEB12449
158,ERS1066660,PRJEB12449
159,ERS1066662,PRJEB12449
160,ERS1066664,PRJEB12449
161,ERS1066666,PRJEB12449
162,ERS1066672,PRJEB12449
163,ERS1066675,PRJEB12449
164,ERS1066676,PRJEB12449
165,ERS1066677,PRJEB12449
166,ERS1066680,PRJEB12449
167,ERS1066681,PRJEB12449
168,ERS1066683,PRJEB12449
169,ERS1066684,PRJEB12449
170,ERS1066685,PRJEB12449
171,ERS1066686,PRJEB12449
172,ERS1066687,PRJEB12449
173,ERS1066688,PRJEB12449
174,ERS1066695,PRJEB12449
175,ERS1066698,PRJEB12449
176,ERS1066699,PRJEB12449
177,ERS1066702,PRJEB12449
178,ERS1066704,PRJEB12449
179,ERS1066705,PRJEB12449
180,ERS1066708,PRJEB12449
181,ERS1066710,PRJEB12449
182,ERS1066711,PRJEB12449
183,ERS1066713,PRJEB12449
184,ERS1066714,PRJEB12449
185,ERS1066721,PRJEB12449
186,ERS1066722,PRJEB12449
187,ERS1066723,PRJEB12449
188,ERS1066725,PRJEB12449
189,ERS1066726,PRJEB12449
190,ERS1066727,PRJEB12449
191,ERS1066729,PRJEB12449
192,ERS1066732,PRJEB12449
193,ERS1066734,PRJEB12449
194,ERS1066737,PRJEB12449
195,ERS1066740,PRJEB12449
196,ERS1066741,PRJEB12449
197,ERS1066742,PRJEB12449
198,ERS1343384,PRJEB15371
199,ERS1343385,PRJEB15371
200,ERS1343386,PRJEB15371
201,ERS1343387,PRJEB15371
202,ERS1343388,PRJEB15371
203,ERS1343389,PRJEB15371
204,ERS1343390,PRJEB15371
205,ERS1343391,PRJEB15371
206,ERS1343392,PRJEB15371
207,ERS1343393,PRJEB15371
208,ERS1343394,PRJEB15371
209,ERS1343396,PRJEB15371
210,ERS1343397,PRJEB15371
211,ERS1343398,PRJEB15371
212,ERS1343399,PRJEB15371
213,ERS1343400,PRJEB15371
214,ERS1343401,PRJEB15371
215,ERS1343402,PRJEB15371
216,ERS1343403,PRJEB15371
217,ERS1343404,PRJEB15371
218,ERS1343405,PRJEB15371
219,ERS1343406,PRJEB15371
220,ERS1343407,PRJEB15371
221,ERS1343408,PRJEB15371
222,ERS1343409,PRJEB15371
223,ERS1343410,PRJEB15371
224,ERS1343411,PRJEB15371
225,ERS1343412,PRJEB15371
226,ERS1343413,PRJEB15371
227,ERS1343414,PRJEB15371
228,ERS1343415,PRJEB15371
229,ERS1343416,PRJEB15371
230,ERS1343417,PRJEB15371
231,ERS1343418,PRJEB15371
232,ERS1343419,PRJEB15371
233,ERS1343420,PRJEB15371
234,ERS1343421,PRJEB15371
235,ERS1343422,PRJEB15371
236,ERS1343423,PRJEB15371
237,ERS1343424,PRJEB15371
238,ERS1343425,PRJEB15371
239,ERS1343426,PRJEB15371
240,ERS1343427,PRJEB15371
241,ERS1343428,PRJEB15371
242,ERS1343429,PRJEB15371
243,ERS1343430,PRJEB15371
244,ERS1343431,PRJEB15371
245,ERS1343432,PRJEB15371
246,ERS1343433,PRJEB15371
247,ERS1343434,PRJEB15371
248,ERS1343435,PRJEB15371
249,ERS1343436,PRJEB15371
250,ERS1343437,PRJEB15371
251,ERS1343438,PRJEB15371
252,ERS1343439,PRJEB15371
936,ERS1424194,PRJEB9584
937,ERS1424195,PRJEB9584
938,ERS1424196,PRJEB9584
939,ERS1424197,PRJEB9584
940,ERS1424198,PRJEB9584
941,ERS1424199,PRJEB9584
942,ERS1424200,PRJEB9584
943,ERS1424201,PRJEB9584
944,ERS1424202,PRJEB9584
945,ERS1424203,PRJEB9584
946,ERS1424204,PRJEB9584
947,ERS1424205,PRJEB9584
948,ERS1424206,PRJEB9584
949,ERS1424207,PRJEB9584
950,ERS1424208,PRJEB9584
951,ERS1424209,PRJEB9584
952,ERS1424210,PRJEB9584
953,ERS1424211,PRJEB9584
954,ERS1424212,PRJEB9584
955,ERS1424213,PRJEB9584
956,ERS1424214,PRJEB9584
957,ERS1424215,PRJEB9584
958,ERS1424216,PRJEB9584
959,ERS1424217,PRJEB9584
960,ERS1424218,PRJEB9584
961,ERS1424219,PRJEB9584
962,ERS1424220,PRJEB9584
963,ERS1424221,PRJEB9584
964,ERS1424222,PRJEB9584
965,ERS1424223,PRJEB9584
966,ERS1424224,PRJEB9584
967,ERS1424225,PRJEB9584
968,ERS1424226,PRJEB9584
969,ERS1424227,PRJEB9584
970,ERS1424228,PRJEB9584
971,ERS1424229,PRJEB9584
972,ERS1424230,PRJEB9584
973,ERS1424231,PRJEB9584
974,ERS1424232,PRJEB9584
975,ERS1424233,PRJEB9584
976,ERS1424234,PRJEB9584
977,ERS1424235,PRJEB9584
978,ERS1424236,PRJEB9584
979,ERS1424237,PRJEB9584
980,ERS1424238,PRJEB9584
981,ERS1424239,PRJEB9584
982,ERS1424240,PRJEB9584
983,ERS1424241,PRJEB9584
984,ERS1424242,PRJEB9584
985,ERS1424243,PRJEB9584
986,ERS1424244,PRJEB9584
987,ERS1424245,PRJEB9584
988,ERS1424246,PRJEB9584
989,ERS1424247,PRJEB9584
990,ERS1424248,PRJEB9584
991,ERS1424249,PRJEB9584
992,ERS1424250,PRJEB9584
993,ERS1424251,PRJEB9584
994,ERS1424252,PRJEB9584
995,ERS1424253,PRJEB9584
996,ERS1424254,PRJEB9584
997,ERS1424255,PRJEB9584
998,ERS1424256,PRJEB9584
999,ERS1424257,PRJEB9584
1000,ERS1424258,PRJEB9584
1001,ERS1424259,PRJEB9584
1002,ERS1424260,PRJEB9584
1003,ERS1424261,PRJEB9584
1004,ERS1424262,PRJEB9584
1005,ERS1424263,PRJEB9584
1006,ERS1424264,PRJEB9584
1007,ERS1424265,PRJEB9584
1008,ERS1424266,PRJEB9584
1009,ERS1424267,PRJEB9584
1010,ERS1424268,PRJEB9584
1011,ERS1424269,PRJEB9584
1012,ERS1424270,PRJEB9584
1013,ERS1424271,PRJEB9584
1014,ERS1424272,PRJEB9584
1015,ERS1424273,PRJEB9584
1016,ERS1424274,PRJEB9584
1017,ERS1424275,PRJEB9584
1018,ERS1424276,PRJEB9584
1019,ERS1424277,PRJEB9584
1020,ERS1424278,PRJEB9584
1021,ERS1424279,PRJEB9584
1022,ERS1424280,PRJEB9584
1023,ERS1424281,PRJEB9584
1024,ERS1424282,PRJEB9584
1025,ERS1424283,PRJEB9584
1026,ERS1424284,PRJEB9584
1027,ERS1424285,PRJEB9584
1028,ERS1424286,PRJEB9584
1029,ERS1424287,PRJEB9584
1030,ERS1424288,PRJEB9584
1031,ERS1424289,PRJEB9584
1032,ERS1424290,PRJEB9584
1033,ERS1424291,PRJEB9584
1034,ERS1424292,PRJEB9584
1035,ERS1424293,PRJEB9584
1036,ERS1424294,PRJEB9584
1037,ERS1424295,PRJEB9584
1038,ERS1424296,PRJEB9584
1039,ERS1424297,PRJEB9584
1040,ERS1424298,PRJEB9584
1041,ERS1424299,PRJEB9584
1042,ERS1424300,PRJEB9584
1043,ERS1424301,PRJEB9584
1044,ERS1424302,PRJEB9584
1045,ERS1424303,PRJEB9584
1046,ERS1424304,PRJEB9584
1047,ERS1424305,PRJEB9584
1048,ERS1424306,PRJEB9584
1049,ERS1424307,PRJEB9584
1050,ERS1424308,PRJEB9584
1051,ERS1424309,PRJEB9584
1052,ERS1424310,PRJEB9584
1053,ERS1424311,PRJEB9584
1054,ERS1424312,PRJEB9584
1055,ERS1424313,PRJEB9584
1056,ERS1424314,PRJEB9584
1057,ERS1424315,PRJEB9584
1058,ERS1424316,PRJEB9584
1059,ERS1424317,PRJEB9584
1060,ERS1424318,PRJEB9584
1061,ERS1424319,PRJEB9584
1062,ERS1424320,PRJEB9584
1063,ERS1424321,PRJEB9584
1064,ERS1424322,PRJEB9584
1065,ERS1424323,PRJEB9584
1066,ERS1424324,PRJEB9584
1067,ERS1424325,PRJEB9584
1068,ERS1424326,PRJEB9584
1069,ERS1424327,PRJEB9584
1070,ERS1424328,PRJEB9584
1071,ERS1424329,PRJEB9584
1072,ERS1424330,PRJEB9584
1073,ERS1424331,PRJEB9584
1074,ERS1424332,PRJEB9584
1075,ERS1424333,PRJEB9584
1076,ERS1424334,PRJEB9584
1077,ERS1424335,PRJEB9584
1078,ERS1424336,PRJEB9584
1079,ERS1424337,PRJEB9584
1080,ERS1424338,PRJEB9584
1081,ERS1424339,PRJEB9584
1082,ERS1424340,PRJEB9584
1083,ERS1424341,PRJEB9584
1084,ERS1424342,PRJEB9584
1085,ERS1424343,PRJEB9584
1086,ERS1424344,PRJEB9584
1087,ERS1424345,PRJEB9584
1088,ERS1424346,PRJEB9584
1089,ERS1424347,PRJEB9584
1090,ERS1424348,PRJEB9584
1091,ERS1424349,PRJEB9584
1092,ERS1424350,PRJEB9584
1093,ERS1424351,PRJEB9584
1094,ERS1424352,PRJEB9584
1095,ERS1424353,PRJEB9584
1096,ERS1424354,PRJEB9584
1097,ERS1424355,PRJEB9584
1098,ERS1424356,PRJEB9584
1099,ERS1424357,PRJEB9584
1100,ERS1424358,PRJEB9584
1101,ERS1424359,PRJEB9584
1102,ERS1424360,PRJEB9584
1103,ERS1424361,PRJEB9584
1104,ERS1424362,PRJEB9584
1105,ERS1424363,PRJEB9584
1106,ERS1424364,PRJEB9584
1107,ERS1424365,PRJEB9584
1108,ERS1424366,PRJEB9584
1109,ERS1424367,PRJEB9584
1110,ERS1424368,PRJEB9584
1111,ERS1424369,PRJEB9584
1112,ERS1424370,PRJEB9584
1113,ERS1424371,PRJEB9584
1114,ERS1424372,PRJEB9584
1115,ERS1424373,PRJEB9584
1116,ERS1424374,PRJEB9584
1117,ERS1424375,PRJEB9584
1118,ERS1424376,PRJEB9584
1119,ERS1424377,PRJEB9584
1120,ERS1424378,PRJEB9584
1121,ERS1424379,PRJEB9584
1122,ERS1424380,PRJEB9584
1123,ERS1424381,PRJEB9584
1124,ERS1424382,PRJEB9584
1125,ERS1424383,PRJEB9584
1126,ERS1424384,PRJEB9584
1127,ERS1424385,PRJEB9584
1128,ERS1424386,PRJEB9584
1129,ERS1424387,PRJEB9584
1130,ERS1424388,PRJEB9584
1131,ERS1424389,PRJEB9584
1132,ERS1424390,PRJEB9584
1133,ERS1424391,PRJEB9584
1134,ERS1424392,PRJEB9584
1135,ERS1424393,PRJEB9584
1136,ERS1424394,PRJEB9584
1137,ERS1424395,PRJEB9584
1138,ERS1424396,PRJEB9584
1139,ERS1424397,PRJEB9584
1140,ERS1424398,PRJEB9584
1141,ERS1424399,PRJEB9584
1142,ERS1424400,PRJEB9584
1143,ERS1424401,PRJEB9584
1144,ERS1424402,PRJEB9584
1145,ERS1424403,PRJEB9584
1146,ERS1424404,PRJEB9584
324,ERS1487527,PRJEB18755
325,ERS1487528,PRJEB18755
326,ERS1487529,PRJEB18755
327,ERS1487530,PRJEB18755
328,ERS1487531,PRJEB18755
329,ERS1487534,PRJEB18755
330,ERS1487535,PRJEB18755
331,ERS1487536,PRJEB18755
332,ERS1487538,PRJEB18755
333,ERS1487539,PRJEB18755
334,ERS1487540,PRJEB18755
335,ERS1487547,PRJEB18755
336,ERS1487552,PRJEB18755
337,ERS1487553,PRJEB18755
338,ERS1487554,PRJEB18755
339,ERS1487555,PRJEB18755
340,ERS1487563,PRJEB18755
341,ERS1487564,PRJEB18755
342,ERS1487569,PRJEB18755
343,ERS1487577,PRJEB18755
344,ERS1487580,PRJEB18755
345,ERS1487581,PRJEB18755
346,ERS1487586,PRJEB18755
347,ERS1487587,PRJEB18755
348,ERS1487591,PRJEB18755
349,ERS1487592,PRJEB18755
350,ERS1487593,PRJEB18755
351,ERS1487598,PRJEB18755
352,ERS1487600,PRJEB18755
353,ERS1487609,PRJEB18755
354,ERS1487610,PRJEB18755
355,ERS1487614,PRJEB18755
356,ERS1487617,PRJEB18755
357,ERS1487621,PRJEB18755
358,ERS1487622,PRJEB18755
359,ERS1487623,PRJEB18755
271,ERS1647303,PRJEB17784
260,ERS1647304,PRJEB17784
255,ERS1647305,PRJEB17784
276,ERS1647306,PRJEB17784
279,ERS1647307,PRJEB17784
275,ERS1647308,PRJEB17784
268,ERS1647309,PRJEB17784
273,ERS1647310,PRJEB17784
269,ERS1647311,PRJEB17784
265,ERS1647312,PRJEB17784
264,ERS1647313,PRJEB17784
277,ERS1647314,PRJEB17784
270,ERS1647315,PRJEB17784
253,ERS1647316,PRJEB17784
263,ERS1647317,PRJEB17784
257,ERS1647318,PRJEB17784
261,ERS1647319,PRJEB17784
274,ERS1647320,PRJEB17784
266,ERS1647321,PRJEB17784
280,ERS1647322,PRJEB17784
259,ERS1647323,PRJEB17784
262,ERS1647324,PRJEB17784
272,ERS1647325,PRJEB17784
267,ERS1647326,PRJEB17784
254,ERS1647327,PRJEB17784
278,ERS1647328,PRJEB17784
256,ERS1647329,PRJEB17784
258,ERS1647330,PRJEB17784
481,ERS1801090,PRJEB21528
480,ERS1801091,PRJEB21528
479,ERS1801092,PRJEB21528
469,ERS1801093,PRJEB21528
465,ERS1801094,PRJEB21528
433,ERS1801095,PRJEB21528
432,ERS1801096,PRJEB21528
495,ERS1801105,PRJEB21528
494,ERS1801106,PRJEB21528
493,ERS1801107,PRJEB21528
492,ERS1801115,PRJEB21528
491,ERS1801116,PRJEB21528
490,ERS1801117,PRJEB21528
486,ERS1801118,PRJEB21528
483,ERS1801120,PRJEB21528
489,ERS1801121,PRJEB21528
488,ERS1801122,PRJEB21528
487,ERS1801123,PRJEB21528
485,ERS1801124,PRJEB21528
484,ERS1801125,PRJEB21528
482,ERS1801128,PRJEB21528
478,ERS1801129,PRJEB21528
477,ERS1801130,PRJEB21528
476,ERS1801131,PRJEB21528
475,ERS1801132,PRJEB21528
474,ERS1801133,PRJEB21528
473,ERS1801134,PRJEB21528
472,ERS1801135,PRJEB21528
471,ERS1801136,PRJEB21528
470,ERS1801137,PRJEB21528
468,ERS1801138,PRJEB21528
467,ERS1801139,PRJEB21528
466,ERS1801140,PRJEB21528
464,ERS1801141,PRJEB21528
463,ERS1801142,PRJEB21528
462,ERS1801143,PRJEB21528
461,ERS1801144,PRJEB21528
460,ERS1801145,PRJEB21528
459,ERS1801146,PRJEB21528
458,ERS1801147,PRJEB21528
457,ERS1801148,PRJEB21528
456,ERS1801149,PRJEB21528
455,ERS1801150,PRJEB21528
454,ERS1801151,PRJEB21528
453,ERS1801152,PRJEB21528
452,ERS1801153,PRJEB21528
451,ERS1801154,PRJEB21528
450,ERS1801155,PRJEB21528
449,ERS1801156,PRJEB21528
448,ERS1801157,PRJEB21528
447,ERS1801158,PRJEB21528
446,ERS1801159,PRJEB21528
445,ERS1801160,PRJEB21528
444,ERS1801161,PRJEB21528
443,ERS1801162,PRJEB21528
442,ERS1801163,PRJEB21528
441,ERS1801164,PRJEB21528
440,ERS1801165,PRJEB21528
439,ERS1801166,PRJEB21528
438,ERS1801167,PRJEB21528
437,ERS1801168,PRJEB21528
436,ERS1801169,PRJEB21528
435,ERS1801170,PRJEB21528
434,ERS1801171,PRJEB21528
431,ERS1801228,PRJEB21528
430,ERS1801229,PRJEB21528
428,ERS1801230,PRJEB21528
426,ERS1801231,PRJEB21528
424,ERS1801232,PRJEB21528
423,ERS1801233,PRJEB21528
420,ERS1801234,PRJEB21528
422,ERS1801235,PRJEB21528
429,ERS1801236,PRJEB21528
427,ERS1801237,PRJEB21528
425,ERS1801238,PRJEB21528
421,ERS1801239,PRJEB21528
374,ERS1801240,PRJEB21528
419,ERS1801241,PRJEB21528
406,ERS1801243,PRJEB21528
402,ERS1801244,PRJEB21528
384,ERS1801245,PRJEB21528
383,ERS1801246,PRJEB21528
382,ERS1801247,PRJEB21528
381,ERS1801248,PRJEB21528
380,ERS1801249,PRJEB21528
379,ERS1801250,PRJEB21528
378,ERS1801251,PRJEB21528
377,ERS1801252,PRJEB21528
376,ERS1801253,PRJEB21528
375,ERS1801254,PRJEB21528
385,ERS1801393,PRJEB21528
386,ERS1801394,PRJEB21528
387,ERS1801395,PRJEB21528
388,ERS1801396,PRJEB21528
390,ERS1801397,PRJEB21528
391,ERS1801398,PRJEB21528
392,ERS1801399,PRJEB21528
393,ERS1801400,PRJEB21528
394,ERS1801401,PRJEB21528
395,ERS1801402,PRJEB21528
396,ERS1801403,PRJEB21528
397,ERS1801404,PRJEB21528
398,ERS1801405,PRJEB21528
399,ERS1801406,PRJEB21528
400,ERS1801408,PRJEB21528
401,ERS1801409,PRJEB21528
405,ERS1801413,PRJEB21528
407,ERS1801415,PRJEB21528
408,ERS1801416,PRJEB21528
409,ERS1801418,PRJEB21528
410,ERS1801419,PRJEB21528
411,ERS1801420,PRJEB21528
412,ERS1801422,PRJEB21528
413,ERS1801423,PRJEB21528
414,ERS1801424,PRJEB21528
415,ERS1801425,PRJEB21528
416,ERS1801426,PRJEB21528
418,ERS1801427,PRJEB21528
417,ERS1801466,PRJEB21528
403,ERS1801469,PRJEB21528
404,ERS1801470,PRJEB21528
389,ERS1801490,PRJEB21528
281,ERS235511,PRJEB1786
282,ERS235517,PRJEB1786
283,ERS235527,PRJEB1786
284,ERS235534,PRJEB1786
285,ERS235535,PRJEB1786
286,ERS235539,PRJEB1786
287,ERS235544,PRJEB1786
288,ERS235557,PRJEB1786
289,ERS235568,PRJEB1786
290,ERS235569,PRJEB1786
291,ERS235573,PRJEB1786
292,ERS235579,PRJEB1786
293,ERS235580,PRJEB1786
294,ERS235581,PRJEB1786
295,ERS235582,PRJEB1786
296,ERS235585,PRJEB1786
297,ERS235587,PRJEB1786
298,ERS235588,PRJEB1786
299,ERS235589,PRJEB1786
300,ERS235590,PRJEB1786
301,ERS235591,PRJEB1786
302,ERS235594,PRJEB1786
303,ERS235595,PRJEB1786
304,ERS235598,PRJEB1786
305,ERS235606,PRJEB1786
306,ERS235607,PRJEB1786
307,ERS235608,PRJEB1786
308,ERS235610,PRJEB1786
309,ERS235614,PRJEB1786
310,ERS235615,PRJEB1786
311,ERS235616,PRJEB1786
312,ERS235617,PRJEB1786
313,ERS235619,PRJEB1786
314,ERS235620,PRJEB1786
315,ERS235622,PRJEB1786
316,ERS235623,PRJEB1786
317,ERS235624,PRJEB1786
318,ERS235627,PRJEB1786
319,ERS235628,PRJEB1786
320,ERS235629,PRJEB1786
321,ERS235630,PRJEB1786
322,ERS235631,PRJEB1786
323,ERS235632,PRJEB1786
496,ERS2637787,PRJEB27928
497,ERS2637788,PRJEB27928
498,ERS2637789,PRJEB27928
499,ERS2637790,PRJEB27928
500,ERS2637791,PRJEB27928
501,ERS2637792,PRJEB27928
502,ERS2637796,PRJEB27928
503,ERS2637797,PRJEB27928
504,ERS2637798,PRJEB27928
505,ERS2637799,PRJEB27928
506,ERS2637801,PRJEB27928
507,ERS2637802,PRJEB27928
508,ERS2637803,PRJEB27928
509,ERS2637804,PRJEB27928
510,ERS2637805,PRJEB27928
511,ERS2637806,PRJEB27928
512,ERS2637807,PRJEB27928
513,ERS2637808,PRJEB27928
514,ERS2637809,PRJEB27928
515,ERS2637810,PRJEB27928
516,ERS2637812,PRJEB27928
517,ERS2637813,PRJEB27928
518,ERS2637814,PRJEB27928
519,ERS2637815,PRJEB27928
520,ERS2637816,PRJEB27928
521,ERS2637817,PRJEB27928
522,ERS2637818,PRJEB27928
523,ERS2637820,PRJEB27928
524,ERS2637821,PRJEB27928
525,ERS2637822,PRJEB27928
526,ERS2637823,PRJEB27928
527,ERS2637825,PRJEB27928
528,ERS2637826,PRJEB27928
529,ERS2637827,PRJEB27928
530,ERS2637828,PRJEB27928
531,ERS2637829,PRJEB27928
532,ERS2637830,PRJEB27928
533,ERS2637833,PRJEB27928
534,ERS2637834,PRJEB27928
535,ERS2637835,PRJEB27928
536,ERS2637836,PRJEB27928
537,ERS2637837,PRJEB27928
538,ERS2637841,PRJEB27928
539,ERS2637842,PRJEB27928
540,ERS2637843,PRJEB27928
541,ERS2637846,PRJEB27928
542,ERS2637848,PRJEB27928
543,ERS2637849,PRJEB27928
544,ERS2637850,PRJEB27928
545,ERS2637852,PRJEB27928
546,ERS2637854,PRJEB27928
547,ERS2637855,PRJEB27928
548,ERS2637856,PRJEB27928
549,ERS2637858,PRJEB27928
550,ERS2637859,PRJEB27928
551,ERS2637861,PRJEB27928
552,ERS2637864,PRJEB27928
553,ERS2637866,PRJEB27928
554,ERS2637867,PRJEB27928
555,ERS2637868,PRJEB27928
556,ERS2791355,PRJEB28687
557,ERS2791356,PRJEB28687
558,ERS2791357,PRJEB28687
559,ERS2791358,PRJEB28687
560,ERS2791359,PRJEB28687
561,ERS2791360,PRJEB28687
562,ERS2791361,PRJEB28687
563,ERS2791362,PRJEB28687
564,ERS2791363,PRJEB28687
565,ERS2791364,PRJEB28687
566,ERS2791365,PRJEB28687
567,ERS2791366,PRJEB28687
568,ERS2791367,PRJEB28687
569,ERS2791368,PRJEB28687
570,ERS2791369,PRJEB28687
571,ERS2791370,PRJEB28687
572,ERS2791371,PRJEB28687
573,ERS2791372,PRJEB28687
574,ERS2791373,PRJEB28687
575,ERS2791374,PRJEB28687
576,ERS2791375,PRJEB28687
577,ERS2791376,PRJEB28687
578,ERS2791377,PRJEB28687
579,ERS2791378,PRJEB28687
580,ERS2791379,PRJEB28687
581,ERS2791380,PRJEB28687
582,ERS2791381,PRJEB28687
583,ERS2791382,PRJEB28687
584,ERS2791383,PRJEB28687
585,ERS2791384,PRJEB28687
586,ERS2791385,PRJEB28687
587,ERS2791386,PRJEB28687
588,ERS2791387,PRJEB28687
589,ERS2791388,PRJEB28687
590,ERS2791389,PRJEB28687
591,ERS2791390,PRJEB28687
592,ERS2791391,PRJEB28687
593,ERS2791392,PRJEB28687
594,ERS2791393,PRJEB28687
595,ERS2791394,PRJEB28687
596,ERS2791395,PRJEB28687
597,ERS2791396,PRJEB28687
598,ERS2791397,PRJEB28687
599,ERS2791398,PRJEB28687
600,ERS2791399,PRJEB28687
601,ERS2791400,PRJEB28687
602,ERS2791401,PRJEB28687
603,ERS2791402,PRJEB28687
604,ERS2791403,PRJEB28687
605,ERS2791404,PRJEB28687
606,ERS2791405,PRJEB28687
607,ERS2791406,PRJEB28687
608,ERS2791407,PRJEB28687
609,ERS2791408,PRJEB28687
610,ERS2791409,PRJEB28687
611,ERS328717,PRJEB4336
612,ERS328721,PRJEB4336
613,ERS328724,PRJEB4336
614,ERS328726,PRJEB4336
615,ERS328736,PRJEB4336
616,ERS328739,PRJEB4336
617,ERS328743,PRJEB4336
618,ERS328745,PRJEB4336
619,ERS328749,PRJEB4336
620,ERS328751,PRJEB4336
621,ERS328752,PRJEB4336
622,ERS328753,PRJEB4336
623,ERS328754,PRJEB4336
624,ERS328755,PRJEB4336
625,ERS328756,PRJEB4336
626,ERS328757,PRJEB4336
627,ERS328758,PRJEB4336
628,ERS328759,PRJEB4336
629,ERS328760,PRJEB4336
630,ERS328762,PRJEB4336
631,ERS328764,PRJEB4336
632,ERS328765,PRJEB4336
633,ERS328768,PRJEB4336
634,ERS328770,PRJEB4336
635,ERS328772,PRJEB4336
636,ERS328774,PRJEB4336
637,ERS328778,PRJEB4336
638,ERS328779,PRJEB4336
639,ERS328780,PRJEB4336
640,ERS328781,PRJEB4336
641,ERS328782,PRJEB4336
642,ERS328784,PRJEB4336
643,ERS328785,PRJEB4336
644,ERS328788,PRJEB4336
645,ERS328791,PRJEB4336
646,ERS328793,PRJEB4336
647,ERS328794,PRJEB4336
648,ERS328796,PRJEB4336
649,ERS328800,PRJEB4336
650,ERS328801,PRJEB4336
651,ERS328803,PRJEB4336
652,ERS328804,PRJEB4336
653,ERS328812,PRJEB4336
654,ERS328818,PRJEB4336
655,ERS328821,PRJEB4336
656,ERS328823,PRJEB4336
657,ERS328826,PRJEB4336
658,ERS328828,PRJEB4336
659,ERS328838,PRJEB4336
660,ERS328839,PRJEB4336
661,ERS328842,PRJEB4336
662,ERS328845,PRJEB4336
663,ERS328846,PRJEB4336
664,ERS328848,PRJEB4336
665,ERS328852,PRJEB4336
666,ERS328855,PRJEB4336
667,ERS328856,PRJEB4336
668,ERS328858,PRJEB4336
669,ERS328859,PRJEB4336
670,ERS328862,PRJEB4336
671,ERS328864,PRJEB4336
672,ERS328874,PRJEB4336
673,ERS328877,PRJEB4336
674,ERS328882,PRJEB4336
675,ERS328885,PRJEB4336
676,ERS328887,PRJEB4336
677,ERS328890,PRJEB4336
678,ERS328891,PRJEB4336
679,ERS328893,PRJEB4336
680,ERS328895,PRJEB4336
681,ERS328903,PRJEB4336
682,ERS328906,PRJEB4336
683,ERS328909,PRJEB4336
684,ERS328910,PRJEB4336
685,ERS328913,PRJEB4336
686,ERS328915,PRJEB4336
687,ERS328918,PRJEB4336
688,ERS328927,PRJEB4336
689,ERS328928,PRJEB4336
690,ERS328929,PRJEB4336
691,ERS328933,PRJEB4336
692,ERS328934,PRJEB4336
693,ERS328935,PRJEB4336
694,ERS328937,PRJEB4336
695,ERS328938,PRJEB4336
696,ERS328940,PRJEB4336
697,ERS328942,PRJEB4336
698,ERS328943,PRJEB4336
699,ERS328945,PRJEB4336
700,ERS328948,PRJEB4336
701,ERS328950,PRJEB4336
702,ERS328953,PRJEB4336
703,ERS328954,PRJEB4336
704,ERS328957,PRJEB4336
705,ERS328958,PRJEB4336
706,ERS328964,PRJEB4336
707,ERS328965,PRJEB4336
708,ERS328968,PRJEB4336
709,ERS328969,PRJEB4336
710,ERS328973,PRJEB4336
711,ERS328974,PRJEB4336
712,ERS328977,PRJEB4336
713,ERS328981,PRJEB4336
714,ERS328983,PRJEB4336
715,ERS328984,PRJEB4336
716,ERS328986,PRJEB4336
717,ERS328987,PRJEB4336
718,ERS328988,PRJEB4336
719,ERS328994,PRJEB4336
720,ERS328996,PRJEB4336
721,ERS328997,PRJEB4336
722,ERS329002,PRJEB4336
723,ERS329004,PRJEB4336
724,ERS329005,PRJEB4336
2781,ERS436644,PRJEB6070
2774,ERS436645,PRJEB6070
2777,ERS436647,PRJEB6070
2805,ERS436648,PRJEB6070
2808,ERS436649,PRJEB6070
2818,ERS436651,PRJEB6070
2759,ERS436653,PRJEB6070
2785,ERS436654,PRJEB6070
2814,ERS436655,PRJEB6070
2782,ERS436657,PRJEB6070
2791,ERS436658,PRJEB6070
2807,ERS436659,PRJEB6070
2779,ERS436660,PRJEB6070
2783,ERS436664,PRJEB6070
2801,ERS436666,PRJEB6070
2762,ERS436668,PRJEB6070
2769,ERS436669,PRJEB6070
2800,ERS436670,PRJEB6070
2784,ERS436690,PRJEB6070
2771,ERS436697,PRJEB6070
2775,ERS436718,PRJEB6070
2760,ERS436722,PRJEB6070
2813,ERS436735,PRJEB6070
2792,ERS436736,PRJEB6070
2816,ERS436737,PRJEB6070
2806,ERS436738,PRJEB6070
2799,ERS436739,PRJEB6070
2809,ERS436742,PRJEB6070
2772,ERS436767,PRJEB6070
2773,ERS436768,PRJEB6070
2815,ERS436769,PRJEB6070
2761,ERS436770,PRJEB6070
2767,ERS436771,PRJEB6070
2786,ERS436772,PRJEB6070
2798,ERS436773,PRJEB6070
2776,ERS436774,PRJEB6070
2787,ERS436775,PRJEB6070
2817,ERS436776,PRJEB6070
2803,ERS436777,PRJEB6070
2764,ERS436778,PRJEB6070
2802,ERS436779,PRJEB6070
2794,ERS436780,PRJEB6070
2788,ERS436781,PRJEB6070
2770,ERS436782,PRJEB6070
2795,ERS436783,PRJEB6070
2778,ERS436784,PRJEB6070
2765,ERS436785,PRJEB6070
2812,ERS436786,PRJEB6070
2780,ERS436787,PRJEB6070
2763,ERS436788,PRJEB6070
2797,ERS436789,PRJEB6070
2810,ERS436790,PRJEB6070
2796,ERS436791,PRJEB6070
2768,ERS436792,PRJEB6070
2766,ERS436793,PRJEB6070
2789,ERS436794,PRJEB6070
2790,ERS436795,PRJEB6070
2758,ERS436796,PRJEB6070
2804,ERS436797,PRJEB6070
2793,ERS436798,PRJEB6070
2811,ERS436799,PRJEB6070
725,ERS475105,PRJEB6337
726,ERS475106,PRJEB6337
727,ERS475107,PRJEB6337
728,ERS475108,PRJEB6337
810,ERS475109_ERS475110,PRJEB6337
729,ERS475111,PRJEB6337
811,ERS475112_ERS475113,PRJEB6337
812,ERS475114_ERS475115,PRJEB6337
813,ERS475116_ERS475117,PRJEB6337
814,ERS475118_ERS475119,PRJEB6337
815,ERS475120_ERS475121,PRJEB6337
730,ERS475122,PRJEB6337
731,ERS475123,PRJEB6337
732,ERS475124,PRJEB6337
733,ERS475125,PRJEB6337
734,ERS475126,PRJEB6337
735,ERS475127,PRJEB6337
816,ERS475128_ERS475129,PRJEB6337
736,ERS475130,PRJEB6337
737,ERS475131,PRJEB6337
738,ERS475132,PRJEB6337
739,ERS475133,PRJEB6337
817,ERS475134_ERS475135,PRJEB6337
740,ERS475136,PRJEB6337
741,ERS475137,PRJEB6337
742,ERS475138,PRJEB6337
743,ERS475139,PRJEB6337
744,ERS475140,PRJEB6337
745,ERS475141,PRJEB6337
746,ERS475142,PRJEB6337
818,ERS475143_ERS475144,PRJEB6337
747,ERS475145,PRJEB6337
819,ERS475146_ERS475147,PRJEB6337
748,ERS475148,PRJEB6337
749,ERS475149,PRJEB6337
750,ERS475150,PRJEB6337
751,ERS475151,PRJEB6337
820,ERS475152_ERS475153,PRJEB6337
821,ERS475154_ERS475155,PRJEB6337
822,ERS475156_ERS475157,PRJEB6337
752,ERS475158,PRJEB6337
823,ERS475159_ERS475160,PRJEB6337
753,ERS475161,PRJEB6337
824,ERS475162_ERS475163,PRJEB6337
754,ERS475164,PRJEB6337
755,ERS475165,PRJEB6337
756,ERS475166,PRJEB6337
757,ERS475167,PRJEB6337
758,ERS475168,PRJEB6337
825,ERS475169_ERS475170,PRJEB6337
826,ERS475171_ERS475172,PRJEB6337
759,ERS475173,PRJEB6337
827,ERS475174_ERS475175,PRJEB6337
760,ERS475176,PRJEB6337
828,ERS475177_ERS475178,PRJEB6337
829,ERS475179_ERS475180,PRJEB6337
761,ERS475181,PRJEB6337
762,ERS475182,PRJEB6337
763,ERS475183,PRJEB6337
764,ERS475184,PRJEB6337
765,ERS475185,PRJEB6337
766,ERS475186,PRJEB6337
767,ERS475187,PRJEB6337
768,ERS475188,PRJEB6337
769,ERS475189,PRJEB6337
770,ERS475190,PRJEB6337
771,ERS475191,PRJEB6337
772,ERS475192,PRJEB6337
773,ERS475193,PRJEB6337
774,ERS475194,PRJEB6337
775,ERS475195,PRJEB6337
776,ERS475196,PRJEB6337
777,ERS475197,PRJEB6337
778,ERS475198,PRJEB6337
779,ERS475199,PRJEB6337
780,ERS475200,PRJEB6337
781,ERS475201,PRJEB6337
782,ERS475202,PRJEB6337
783,ERS475203,PRJEB6337
784,ERS475204,PRJEB6337
785,ERS475205,PRJEB6337
786,ERS475206,PRJEB6337
787,ERS475207,PRJEB6337
788,ERS475208,PRJEB6337
789,ERS475209,PRJEB6337
830,ERS475210_ERS475211,PRJEB6337
790,ERS475212,PRJEB6337
831,ERS475213_ERS475214,PRJEB6337
832,ERS475215_ERS475216,PRJEB6337
833,ERS475217_ERS475218,PRJEB6337
791,ERS475219,PRJEB6337
792,ERS475220,PRJEB6337
834,ERS475221_ERS475222,PRJEB6337
835,ERS475223_ERS475224,PRJEB6337
793,ERS475225,PRJEB6337
836,ERS475226_ERS475227,PRJEB6337
794,ERS475228,PRJEB6337
795,ERS475229,PRJEB6337
796,ERS475230,PRJEB6337
797,ERS475231,PRJEB6337
798,ERS475232,PRJEB6337
799,ERS475233,PRJEB6337
800,ERS475234,PRJEB6337
801,ERS475235,PRJEB6337
802,ERS475236,PRJEB6337
803,ERS475237,PRJEB6337
804,ERS475238,PRJEB6337
805,ERS475239,PRJEB6337
837,ERS475240_ERS475241,PRJEB6337
806,ERS475242,PRJEB6337
807,ERS475243,PRJEB6337
808,ERS475244,PRJEB6337
838,ERS475245_ERS475246,PRJEB6337
809,ERS475247,PRJEB6337
2191,ERS5090795,PRJEB38483
2192,ERS5090796,PRJEB38483
2193,ERS5090797,PRJEB38483
2194,ERS5090798,PRJEB38483
2195,ERS5090799,PRJEB38483
2196,ERS5090800,PRJEB38483
2197,ERS5090801,PRJEB38483
2198,ERS5090802,PRJEB38483
2199,ERS5090803,PRJEB38483
2200,ERS5090804,PRJEB38483
2201,ERS5090805,PRJEB38483
2202,ERS5090806,PRJEB38483
2203,ERS5090807,PRJEB38483
2204,ERS5090808,PRJEB38483
2205,ERS5090809,PRJEB38483
2206,ERS5090810,PRJEB38483
2207,ERS5090811,PRJEB38483
2208,ERS5090812,PRJEB38483
2209,ERS5090813,PRJEB38483
2210,ERS5090814,PRJEB38483
2211,ERS5090815,PRJEB38483
2212,ERS5090816,PRJEB38483
2213,ERS5090817,PRJEB38483
2214,ERS5090818,PRJEB38483
2215,ERS5090819,PRJEB38483
2216,ERS5090820,PRJEB38483
2217,ERS5090821,PRJEB38483
2218,ERS5090822,PRJEB38483
2219,ERS5090823,PRJEB38483
2220,ERS5090824,PRJEB38483
2221,ERS5090825,PRJEB38483
2222,ERS5090826,PRJEB38483
2223,ERS5090827,PRJEB38483
2224,ERS5090828,PRJEB38483
2225,ERS5090829,PRJEB38483
2226,ERS5090830,PRJEB38483
2227,ERS5090831,PRJEB38483
2228,ERS5090832,PRJEB38483
2229,ERS5090833,PRJEB38483
2230,ERS5090834,PRJEB38483
2231,ERS5090835,PRJEB38483
2232,ERS5090836,PRJEB38483
2233,ERS5090837,PRJEB38483
2234,ERS5090838,PRJEB38483
2235,ERS5090839,PRJEB38483
2236,ERS5090840,PRJEB38483
2237,ERS5090841,PRJEB38483
2238,ERS5090842,PRJEB38483
839,ERS537201,PRJEB6997
840,ERS537211,PRJEB6997
841,ERS537213,PRJEB6997
842,ERS537216,PRJEB6997
843,ERS537220,PRJEB6997
844,ERS537222,PRJEB6997
845,ERS537223,PRJEB6997
846,ERS537235,PRJEB6997
847,ERS537237,PRJEB6997
848,ERS537239,PRJEB6997
849,ERS537241,PRJEB6997
850,ERS537246,PRJEB6997
851,ERS537249,PRJEB6997
852,ERS537250,PRJEB6997
853,ERS537253,PRJEB6997
854,ERS537259,PRJEB6997
855,ERS537264,PRJEB6997
856,ERS537268,PRJEB6997
857,ERS537284,PRJEB6997
858,ERS537289,PRJEB6997
859,ERS537296,PRJEB6997
860,ERS537300,PRJEB6997
861,ERS537301,PRJEB6997
862,ERS537303,PRJEB6997
863,ERS537316,PRJEB6997
864,ERS537319,PRJEB6997
865,ERS537320,PRJEB6997
866,ERS537323,PRJEB6997
867,ERS537324,PRJEB6997
868,ERS537325,PRJEB6997
869,ERS537326,PRJEB6997
870,ERS537327,PRJEB6997
871,ERS537328,PRJEB6997
872,ERS537329,PRJEB6997
873,ERS537330,PRJEB6997
874,ERS537331,PRJEB6997
875,ERS537332,PRJEB6997
876,ERS537333,PRJEB6997
877,ERS537334,PRJEB6997
878,ERS537335,PRJEB6997
879,ERS537336,PRJEB6997
880,ERS537337,PRJEB6997
881,ERS537340,PRJEB6997
882,ERS537341,PRJEB6997
883,ERS537342,PRJEB6997
884,ERS537343,PRJEB6997
885,ERS537344,PRJEB6997
886,ERS537345,PRJEB6997
887,ERS537346,PRJEB6997
888,ERS537347,PRJEB6997
889,ERS537348,PRJEB6997
890,ERS537349,PRJEB6997
891,ERS537352,PRJEB6997
892,ERS537353,PRJEB6997
893,ERS537354,PRJEB6997
894,ERS537355,PRJEB6997
895,ERS537356,PRJEB6997
896,ERS537359,PRJEB6997
897,ERS537360,PRJEB6997
898,ERS537361,PRJEB6997
899,ERS537362,PRJEB6997
900,ERS537364,PRJEB6997
901,ERS537365,PRJEB6997
902,ERS537370,PRJEB6997
903,ERS537371,PRJEB6997
904,ERS537372,PRJEB6997
905,ERS537373,PRJEB6997
906,ERS537374,PRJEB6997
907,ERS537380,PRJEB6997
908,ERS537381,PRJEB6997
909,ERS537382,PRJEB6997
910,ERS537383,PRJEB6997
911,ERS537384,PRJEB6997
912,ERS537385,PRJEB6997
913,ERS537386,PRJEB6997
914,ERS537387,PRJEB6997
915,ERS537388,PRJEB6997
916,ERS537390,PRJEB6997
917,ERS537391,PRJEB6997
918,ERS537392,PRJEB6997
919,ERS537393,PRJEB6997
920,ERS537394,PRJEB6997
921,ERS537395,PRJEB6997
922,ERS537396,PRJEB6997
923,ERS537397,PRJEB6997
924,ERS537398,PRJEB6997
925,ERS537399,PRJEB6997
926,ERS537400,PRJEB6997
927,ERS537401,PRJEB6997
928,ERS537402,PRJEB6997
929,ERS537403,PRJEB6997
930,ERS537404,PRJEB6997
931,ERS537406,PRJEB6997
932,ERS537407,PRJEB6997
933,ERS537408,PRJEB6997
934,ERS537409,PRJEB6997
935,ERS537410,PRJEB6997
2851,ERS608474,PRJEB7774
2841,ERS608475,PRJEB7774
2843,ERS608476,PRJEB7774
2836,ERS608477,PRJEB7774
2860,ERS608478,PRJEB7774
2867,ERS608479,PRJEB7774
2852,ERS608480,PRJEB7774
2824,ERS608481,PRJEB7774
2861,ERS608482,PRJEB7774
2845,ERS608483,PRJEB7774
2847,ERS608484,PRJEB7774
2825,ERS608485,PRJEB7774
2842,ERS608486,PRJEB7774
2858,ERS608487,PRJEB7774
2872,ERS608488,PRJEB7774
2820,ERS608489,PRJEB7774
2855,ERS608490,PRJEB7774
2863,ERS608491,PRJEB7774
2871,ERS608492,PRJEB7774
2866,ERS608493,PRJEB7774
2870,ERS608494,PRJEB7774
2829,ERS608495,PRJEB7774
2838,ERS608496,PRJEB7774
2848,ERS608497,PRJEB7774
2875,ERS608498,PRJEB7774
2819,ERS608499,PRJEB7774
2864,ERS608500,PRJEB7774
2835,ERS608501,PRJEB7774
2857,ERS608502,PRJEB7774
2849,ERS608503,PRJEB7774
2869,ERS608504,PRJEB7774
2830,ERS608505,PRJEB7774
2859,ERS608506,PRJEB7774
2834,ERS608507,PRJEB7774
2822,ERS608508,PRJEB7774
2850,ERS608509,PRJEB7774
2873,ERS608510,PRJEB7774
2823,ERS608511,PRJEB7774
2853,ERS608512,PRJEB7774
2839,ERS608513,PRJEB7774
2827,ERS608514,PRJEB7774
2833,ERS608515,PRJEB7774
2832,ERS608516,PRJEB7774
2862,ERS608517,PRJEB7774
2840,ERS608518,PRJEB7774
2837,ERS608519,PRJEB7774
2874,ERS608520,PRJEB7774
2821,ERS608521,PRJEB7774
2868,ERS608522,PRJEB7774
2865,ERS608523,PRJEB7774
2831,ERS608524,PRJEB7774
2826,ERS608525,PRJEB7774
2854,ERS608526,PRJEB7774
2828,ERS608527,PRJEB7774
2846,ERS608528,PRJEB7774
2856,ERS608529,PRJEB7774
2844,ERS608530,PRJEB7774
2876,ERS631826,PRJEB7774
2877,ERS631827,PRJEB7774
2878,ERS631828,PRJEB7774
2879,ERS631829,PRJEB7774
2880,ERS631830,PRJEB7774
2881,ERS631833,PRJEB7774
2704,ERS848626,PRJEB10878
2705,ERS848628,PRJEB10878
2706,ERS848636,PRJEB10878
2707,ERS848638,PRJEB10878
2708,ERS848642,PRJEB10878
2709,ERS848650,PRJEB10878
2710,ERS848665,PRJEB10878
2711,ERS848666,PRJEB10878
2712,ERS848667,PRJEB10878
2713,ERS848668,PRJEB10878
2714,ERS848669,PRJEB10878
2715,ERS848670,PRJEB10878
2716,ERS848671,PRJEB10878
2717,ERS848672,PRJEB10878
2718,ERS848673,PRJEB10878
2719,ERS848675,PRJEB10878
2720,ERS848676,PRJEB10878
2721,ERS848677,PRJEB10878
2722,ERS848678,PRJEB10878
2723,ERS848679,PRJEB10878
2724,ERS848680,PRJEB10878
2725,ERS848681,PRJEB10878
2726,ERS848682,PRJEB10878
2727,ERS848683,PRJEB10878
2728,ERS848684,PRJEB10878
2729,ERS848685,PRJEB10878
2730,ERS848686,PRJEB10878
2731,ERS848687,PRJEB10878
2732,ERS848688,PRJEB10878
2733,ERS848689,PRJEB10878
2734,ERS848690,PRJEB10878
2735,ERS848691,PRJEB10878
2736,ERS848692,PRJEB10878
2737,ERS848693,PRJEB10878
2738,ERS848694,PRJEB10878
2739,ERS848695,PRJEB10878
2740,ERS848696,PRJEB10878
2741,ERS848697,PRJEB10878
2742,ERS848698,PRJEB10878
2743,ERS848699,PRJEB10878
2744,ERS848700,PRJEB10878
2745,ERS848701,PRJEB10878
2746,ERS848702,PRJEB10878
2747,ERS848703,PRJEB10878
2748,ERS848704,PRJEB10878
2749,ERS848705,PRJEB10878
2750,ERS848706,PRJEB10878
2751,ERS848707,PRJEB10878
2752,ERS848708,PRJEB10878
2753,ERS848709,PRJEB10878
2754,ERS848710,PRJEB10878
2755,ERS848711,PRJEB10878
2756,ERS848741,PRJEB10878
2757,ERS848742,PRJEB10878
2239,SRS011061,PRJNA48479
2240,SRS011084,PRJNA48479
2241,SRS011134,PRJNA48479
2242,SRS011239,PRJNA48479
2243,SRS011271,PRJNA48479
2244,SRS011302,PRJNA48479
2245,SRS011405,PRJNA48479
2246,SRS011452,PRJNA48479
2247,SRS011529,PRJNA48479
2248,SRS011586,PRJNA48479
2249,SRS012273,PRJNA48479
2250,SRS012849,PRJNA48479
2251,SRS012902,PRJNA48479
2252,SRS012969,PRJNA48479
2253,SRS013098,PRJNA48479
2254,SRS013158,PRJNA48479
2255,SRS013215,PRJNA48479
2256,SRS013382,PRJNA48479
2257,SRS013476,PRJNA48479
2258,SRS013521,PRJNA48479
2259,SRS013638,PRJNA48479
2260,SRS013639,PRJNA48479
2261,SRS013687,PRJNA48479
2262,SRS013800,PRJNA48479
2263,SRS013940,PRJNA48479
2264,SRS013951,PRJNA48479
2265,SRS013965,PRJNA48479
2266,SRS014235,PRJNA48479
2267,SRS014287,PRJNA48479
2268,SRS014313,PRJNA48479
2269,SRS014344,PRJNA48479
2270,SRS014391,PRJNA48479
2271,SRS014412,PRJNA48479
2272,SRS014459,PRJNA48479
2273,SRS014534,PRJNA48479
2274,SRS014613,PRJNA48479
2275,SRS014683,PRJNA48479
2276,SRS014736,PRJNA48479
2277,SRS014855,PRJNA48479
2278,SRS014923,PRJNA48479
2279,SRS014948,PRJNA48479
2280,SRS014979,PRJNA48479
2281,SRS014998,PRJNA48479
2282,SRS015065,PRJNA48479
2283,SRS015095,PRJNA48479
2284,SRS015133,PRJNA48479
2285,SRS015190,PRJNA48479
2286,SRS015217,PRJNA48479
2287,SRS015246,PRJNA48479
2288,SRS015264,PRJNA48479
2289,SRS015280,PRJNA48479
2290,SRS015369,PRJNA48479
2291,SRS015388,PRJNA48479
2292,SRS015431,PRJNA48479
2293,SRS015453,PRJNA48479
2294,SRS015486,PRJNA48479
2295,SRS015578,PRJNA48479
2296,SRS015579,PRJNA48479
2297,SRS015663,PRJNA48479
2298,SRS015694,PRJNA48479
2299,SRS015782,PRJNA48479
2300,SRS015794,PRJNA48479
2301,SRS015816,PRJNA48479
2302,SRS015854,PRJNA48479
2303,SRS015890,PRJNA48479
2304,SRS015912,PRJNA48479
2305,SRS015960,PRJNA48479
2306,SRS016018,PRJNA48479
2307,SRS016056,PRJNA48479
2308,SRS016095,PRJNA48479
2309,SRS016132,PRJNA48479
2310,SRS016203,PRJNA48479
2311,SRS016267,PRJNA48479
2312,SRS016335,PRJNA48479
2313,SRS016381,PRJNA48479
2314,SRS016437,PRJNA48479
2315,SRS016438,PRJNA48479
2316,SRS016495,PRJNA48479
2317,SRS016517,PRJNA48479
2318,SRS016585,PRJNA48479
2319,SRS016629,PRJNA48479
2320,SRS016753,PRJNA48479
2321,SRS016840,PRJNA48479
2322,SRS016897,PRJNA48479
2323,SRS016954,PRJNA48479
2324,SRS016989,PRJNA48479
2325,SRS017103,PRJNA48479
2326,SRS017191,PRJNA48479
2327,SRS017247,PRJNA48479
2328,SRS017248,PRJNA48479
2329,SRS017307,PRJNA48479
2330,SRS017375,PRJNA48479
2331,SRS017433,PRJNA48479
2332,SRS017521,PRJNA48479
2333,SRS017622,PRJNA48479
2334,SRS017701,PRJNA48479
2335,SRS017745,PRJNA48479
2336,SRS017821,PRJNA48479
2337,SRS017859,PRJNA48479
2338,SRS017916,PRJNA48479
2339,SRS018049,PRJNA48479
2340,SRS018133,PRJNA48479
2341,SRS018313,PRJNA48479
2342,SRS018351,PRJNA48479
2343,SRS018427,PRJNA48479
2344,SRS018541,PRJNA48479
2345,SRS018575,PRJNA48479
2346,SRS018606,PRJNA48479
2347,SRS018623,PRJNA48479
2348,SRS018656,PRJNA48479
2349,SRS018732,PRJNA48479
2350,SRS018817,PRJNA48479
2351,SRS018836,PRJNA48479
2352,SRS018888,PRJNA48479
2353,SRS018936,PRJNA48479
2354,SRS018984,PRJNA48479
2355,SRS019014,PRJNA48479
2356,SRS019030,PRJNA48479
2357,SRS019062,PRJNA48479
2358,SRS019068,PRJNA48479
2359,SRS019090,PRJNA48479
2360,SRS019161,PRJNA48479
2361,SRS019178,PRJNA48479
2362,SRS019267,PRJNA48479
2363,SRS019286,PRJNA48479
2364,SRS019381,PRJNA48479
2365,SRS019397,PRJNA48479
2366,SRS019428,PRJNA48479
2367,SRS019445,PRJNA48479
2368,SRS019496,PRJNA48479
2369,SRS019582,PRJNA48479
2370,SRS019601,PRJNA48479
2371,SRS019638,PRJNA48479
2372,SRS019685,PRJNA48479
2373,SRS019693,PRJNA48479
2374,SRS019787,PRJNA48479
2375,SRS019808,PRJNA48479
2376,SRS019910,PRJNA48479
2377,SRS019968,PRJNA48479
2378,SRS020233,PRJNA48479
2379,SRS020271,PRJNA48479
2380,SRS020328,PRJNA48479
2381,SRS020394,PRJNA48479
2382,SRS020508,PRJNA48479
2383,SRS020622,PRJNA48479
2384,SRS020869,PRJNA48479
2385,SRS021153,PRJNA48479
2386,SRS021219,PRJNA48479
2387,SRS021484,PRJNA48479
2388,SRS021948,PRJNA48479
2389,SRS022071,PRJNA48479
2390,SRS022137,PRJNA48479
2391,SRS022524,PRJNA48479
2392,SRS022609,PRJNA48479
2393,SRS022713,PRJNA48479
2394,SRS023176,PRJNA48479
2395,SRS023346,PRJNA48479
2396,SRS023526,PRJNA48479
2397,SRS023583,PRJNA48479
2398,SRS023715,PRJNA48479
2399,SRS023829,PRJNA48479
2400,SRS023914,PRJNA48479
2401,SRS023971,PRJNA48479
2402,SRS024009,PRJNA48479
2403,SRS024075,PRJNA48479
2404,SRS024076,PRJNA48479
2405,SRS024132,PRJNA48479
2406,SRS024265,PRJNA48479
2407,SRS024331,PRJNA48479
2408,SRS024388,PRJNA48479
2409,SRS024435,PRJNA48479
2410,SRS024492,PRJNA48479
2411,SRS024549,PRJNA48479
2412,SRS024625,PRJNA48479
2413,SRS024663,PRJNA48479
2414,SRS042231,PRJNA48479
2415,SRS042284,PRJNA48479
2416,SRS042600,PRJNA48479
2417,SRS042628,PRJNA48479
2418,SRS042690,PRJNA48479
2419,SRS042893,PRJNA48479
2420,SRS042966,PRJNA48479
2421,SRS042967,PRJNA48479
2422,SRS043001,PRJNA48479
2423,SRS043411,PRJNA48479
2424,SRS043667,PRJNA48479
2425,SRS043701,PRJNA48479
2426,SRS043768,PRJNA48479
2427,SRS043841,PRJNA48479
2428,SRS044365,PRJNA48479
2429,SRS044535,PRJNA48479
2430,SRS044973,PRJNA48479
2431,SRS045004,PRJNA48479
2432,SRS045195,PRJNA48479
2433,SRS045244,PRJNA48479
2434,SRS045528,PRJNA48479
2435,SRS045645,PRJNA48479
2436,SRS045713,PRJNA48479
2437,SRS045739,PRJNA48479
2438,SRS045826,PRJNA48479
2439,SRS045936,PRJNA48479
2440,SRS045938,PRJNA48479
2441,SRS046068,PRJNA48479
2442,SRS046369,PRJNA48479
2443,SRS046502,PRJNA48479
2444,SRS046712,PRJNA48479
2445,SRS046717,PRJNA48479
2446,SRS046810,PRJNA48479
2447,SRS047014,PRJNA48479
2448,SRS047044,PRJNA48479
2449,SRS047069,PRJNA48479
2450,SRS047433,PRJNA48479
2451,SRS047741,PRJNA48479
2452,SRS048060,PRJNA48479
2453,SRS048164,PRJNA48479
2454,SRS048262,PRJNA48479
2455,SRS048307,PRJNA48479
2456,SRS048654,PRJNA48479
2457,SRS048870,PRJNA48479
2458,SRS048981,PRJNA48479
2459,SRS049164,PRJNA48479
2460,SRS049211,PRJNA48479
2461,SRS049402,PRJNA48479
2462,SRS049446,PRJNA48479
2463,SRS049712,PRJNA48479
2464,SRS049773,PRJNA48479
2465,SRS049896,PRJNA48479
2466,SRS049900,PRJNA48479
2467,SRS049959,PRJNA48479
2468,SRS049995,PRJNA48479
2469,SRS050026,PRJNA48479
2470,SRS050299,PRJNA48479
2471,SRS050422,PRJNA48479
2472,SRS050520,PRJNA48479
2473,SRS050752,PRJNA48479
2474,SRS050801,PRJNA48479
2475,SRS050925,PRJNA48479
2476,SRS050941,PRJNA48479
2477,SRS050974,PRJNA48479
2478,SRS050998,PRJNA48479
2479,SRS051031,PRJNA48479
2480,SRS051610,PRJNA48479
2481,SRS051882,PRJNA48479
2482,SRS052027,PRJNA48479
2483,SRS052078,PRJNA48479
2484,SRS052576,PRJNA48479
2485,SRS052697,PRJNA48479
2486,SRS053087,PRJNA48479
2487,SRS053214,PRJNA48479
2488,SRS053290,PRJNA48479
2489,SRS053335,PRJNA48479
2490,SRS053356,PRJNA48479
2491,SRS053398,PRJNA48479
2492,SRS053573,PRJNA48479
2493,SRS053587,PRJNA48479
2494,SRS053649,PRJNA48479
2495,SRS054059,PRJNA48479
2496,SRS054352,PRJNA48479
2497,SRS054590,PRJNA48479
2498,SRS054753,PRJNA48479
2499,SRS054869,PRJNA48479
2500,SRS054905,PRJNA48479
2501,SRS054956,PRJNA48479
2502,SRS055017,PRJNA48479
2503,SRS055288,PRJNA48479
2504,SRS055533,PRJNA48479
2505,SRS055966,PRJNA48479
2506,SRS055982,PRJNA48479
2507,SRS056259,PRJNA48479
2508,SRS056273,PRJNA48479
2509,SRS056481,PRJNA48479
2510,SRS056519,PRJNA48479
2511,SRS057478,PRJNA48479
2512,SRS057480,PRJNA48479
2513,SRS057717,PRJNA48479
2514,SRS058070,PRJNA48479
2515,SRS058145,PRJNA48479
2516,SRS058268,PRJNA48479
2517,SRS058723,PRJNA48479
2518,SRS058770,PRJNA48479
2519,SRS062427,PRJNA48479
2520,SRS062654,PRJNA48479
2521,SRS062701,PRJNA48479
2522,SRS062716,PRJNA48479
2523,SRS063040,PRJNA48479
2524,SRS063127,PRJNA48479
2525,SRS063190,PRJNA48479
2526,SRS063370,PRJNA48479
2527,SRS063489,PRJNA48479
2528,SRS063518,PRJNA48479
2529,SRS063813,PRJNA48479
2530,SRS063928,PRJNA48479
2531,SRS063985,PRJNA48479
2532,SRS064232,PRJNA48479
2533,SRS064276,PRJNA48479
2534,SRS064557,PRJNA48479
2535,SRS064645,PRJNA48479
2536,SRS064662,PRJNA48479
2537,SRS064757,PRJNA48479
2538,SRS064973,PRJNA48479
2539,SRS065176,PRJNA48479
2540,SRS065397,PRJNA48479
2541,SRS065504,PRJNA48479
2542,SRS074586,PRJNA48479
2543,SRS074670,PRJNA48479
2544,SRS074964,PRJNA48479
2545,SRS075021,PRJNA48479
2546,SRS075078,PRJNA48479
2547,SRS075341,PRJNA48479
2548,SRS075398,PRJNA48479
2549,SRS075399,PRJNA48479
2550,SRS075716,PRJNA48479
2551,SRS075773,PRJNA48479
2552,SRS075821,PRJNA48479
2553,SRS075878,PRJNA48479
2554,SRS075963,PRJNA48479
2555,SRS075984,PRJNA48479
2556,SRS076756,PRJNA48479
2557,SRS076804,PRJNA48479
2558,SRS076876,PRJNA48479
2559,SRS076929,PRJNA48479
2560,SRS076976,PRJNA48479
2561,SRS077024,PRJNA48479
2562,SRS077086,PRJNA48479
2563,SRS077117,PRJNA48479
2564,SRS077127,PRJNA48479
2565,SRS077194,PRJNA48479
2566,SRS077231,PRJNA48479
2567,SRS077294,PRJNA48479
2568,SRS077323,PRJNA48479
2569,SRS077335,PRJNA48479
2570,SRS077364,PRJNA48479
2571,SRS077392,PRJNA48479
2572,SRS077454,PRJNA48479
2573,SRS077502,PRJNA48479
2574,SRS077533,PRJNA48479
2575,SRS077552,PRJNA48479
2576,SRS077589,PRJNA48479
2577,SRS077641,PRJNA48479
2578,SRS077730,PRJNA48479
2579,SRS077731,PRJNA48479
2580,SRS077753,PRJNA48479
2581,SRS077849,PRJNA48479
2582,SRS077991,PRJNA48479
2583,SRS078176,PRJNA48479
2584,SRS078177,PRJNA48479
2585,SRS078242,PRJNA48479
2586,SRS078419,PRJNA48479
2587,SRS078665,PRJNA48479
2588,SRS097889,PRJNA48479
2589,SRS097920,PRJNA48479
2590,SRS097958,PRJNA48479
2591,SRS098061,PRJNA48479
2592,SRS098073,PRJNA48479
2593,SRS098514,PRJNA48479
2594,SRS098571,PRJNA48479
2595,SRS098644,PRJNA48479
2596,SRS098655,PRJNA48479
2597,SRS098717,PRJNA48479
2598,SRS098748,PRJNA48479
2599,SRS098827,PRJNA48479
2600,SRS098881,PRJNA48479
2601,SRS100021,PRJNA48479
2602,SRS100907,PRJNA48479
2603,SRS101268,PRJNA48479
2604,SRS101376,PRJNA48479
2605,SRS101433,PRJNA48479
2606,SRS103987,PRJNA48479
2607,SRS104036,PRJNA48479
2608,SRS104084,PRJNA48479
2609,SRS104197,PRJNA48479
2610,SRS104311,PRJNA48479
2611,SRS104327,PRJNA48479
2612,SRS104400,PRJNA48479
2613,SRS104485,PRJNA48479
2614,SRS104636,PRJNA48479
2615,SRS104693,PRJNA48479
2616,SRS104912,PRJNA48479
2617,SRS104975,PRJNA48479
2618,SRS105082,PRJNA48479
2619,SRS105153,PRJNA48479
1471,SRS1369934,PRJNA289586
1467,SRS1369935,PRJNA289586
1470,SRS1369936,PRJNA289586
1464,SRS1369937,PRJNA289586
1463,SRS1369938,PRJNA289586
1461,SRS1369942,PRJNA289586
1474,SRS1369943,PRJNA289586
1459,SRS1369946,PRJNA289586
1453,SRS1369949,PRJNA289586
1451,SRS1369950,PRJNA289586
1452,SRS1369951,PRJNA289586
1473,SRS1369954,PRJNA289586
1472,SRS1369963,PRJNA289586
1468,SRS1369964,PRJNA289586
1462,SRS1369965,PRJNA289586
1456,SRS1369966,PRJNA289586
1469,SRS1369970,PRJNA289586
1466,SRS1369971,PRJNA289586
1465,SRS1369972,PRJNA289586
1460,SRS1369975,PRJNA289586
1458,SRS1369979,PRJNA289586
1457,SRS1369980,PRJNA289586
1455,SRS1369981,PRJNA289586
1454,SRS1369982,PRJNA289586
1450,SRS1369984,PRJNA289586
1449,SRS1369985,PRJNA289586
2620,SRS140492,PRJNA48479
2621,SRS140513,PRJNA48479
2622,SRS140645,PRJNA48479
2623,SRS142503,PRJNA48479
2624,SRS142505,PRJNA48479
2625,SRS142542,PRJNA48479
2626,SRS142599,PRJNA48479
2627,SRS142618,PRJNA48479
2628,SRS142712,PRJNA48479
2629,SRS142781,PRJNA48479
2630,SRS142890,PRJNA48479
2631,SRS142921,PRJNA48479
2632,SRS142923,PRJNA48479
2633,SRS142980,PRJNA48479
2634,SRS143070,PRJNA48479
2635,SRS143085,PRJNA48479
2636,SRS143148,PRJNA48479
2637,SRS143181,PRJNA48479
2638,SRS143342,PRJNA48479
2639,SRS143372,PRJNA48479
2640,SRS143417,PRJNA48479
2641,SRS143466,PRJNA48479
2642,SRS143523,PRJNA48479
2643,SRS143598,PRJNA48479
2644,SRS143722,PRJNA48479
2645,SRS143780,PRJNA48479
2646,SRS143876,PRJNA48479
2647,SRS143895,PRJNA48479
2648,SRS143991,PRJNA48479
2649,SRS144007,PRJNA48479
2650,SRS144135,PRJNA48479
2651,SRS144183,PRJNA48479
2652,SRS144297,PRJNA48479
2653,SRS144362,PRJNA48479
2654,SRS144506,PRJNA48479
2655,SRS144537,PRJNA48479
2656,SRS144603,PRJNA48479
2657,SRS144714,PRJNA48479
2658,SRS144753,PRJNA48479
2659,SRS145308,PRJNA48479
2660,SRS145497,PRJNA48479
2661,SRS146764,PRJNA48479
2662,SRS146812,PRJNA48479
2663,SRS146813,PRJNA48479
2664,SRS146832,PRJNA48479
2665,SRS146888,PRJNA48479
2666,SRS147022,PRJNA48479
2667,SRS147039,PRJNA48479
2668,SRS147088,PRJNA48479
2669,SRS147139,PRJNA48479
2670,SRS147271,PRJNA48479
2671,SRS147272,PRJNA48479
2672,SRS147346,PRJNA48479
2673,SRS147377,PRJNA48479
2674,SRS147425,PRJNA48479
2675,SRS147445,PRJNA48479
2676,SRS147557,PRJNA48479
2677,SRS147614,PRJNA48479
2678,SRS147652,PRJNA48479
2679,SRS147653,PRJNA48479
2680,SRS147766,PRJNA48479
2681,SRS147919,PRJNA48479
2682,SRS147977,PRJNA48479
2683,SRS148091,PRJNA48479
2684,SRS148159,PRJNA48479
2685,SRS148196,PRJNA48479
2686,SRS148215,PRJNA48479
2687,SRS148253,PRJNA48479
2688,SRS148319,PRJNA48479
2689,SRS148424,PRJNA48479
2690,SRS148461,PRJNA48479
2691,SRS148511,PRJNA48479
2692,SRS148721,PRJNA48479
2693,SRS148784,PRJNA48479
2694,SRS148817,PRJNA48479
2695,SRS148874,PRJNA48479
2696,SRS148970,PRJNA48479
2697,SRS149075,PRJNA48479
2698,SRS149181,PRJNA48479
2699,SRS149244,PRJNA48479
2700,SRS149325,PRJNA48479
2701,SRS149784,PRJNA48479
2702,SRS149879,PRJNA48479
2703,SRS150029,PRJNA48479
1501,SRS1596768,PRJNA328899
1502,SRS1596769,PRJNA328899
1503,SRS1596770,PRJNA328899
1504,SRS1596771,PRJNA328899
1505,SRS1596772,PRJNA328899
1506,SRS1596773,PRJNA328899
1507,SRS1596774,PRJNA328899
1508,SRS1596775,PRJNA328899
1509,SRS1596776,PRJNA328899
1510,SRS1596777,PRJNA328899
1511,SRS1596778,PRJNA328899
1512,SRS1596779,PRJNA328899
1513,SRS1596780,PRJNA328899
1514,SRS1596781,PRJNA328899
1515,SRS1596782,PRJNA328899
1516,SRS1596783,PRJNA328899
1517,SRS1596784,PRJNA328899
1519,SRS1596785,PRJNA328899
1520,SRS1596786,PRJNA328899
1521,SRS1596787,PRJNA328899
1518,SRS1596788,PRJNA328899
1522,SRS1596789,PRJNA328899
1523,SRS1596790,PRJNA328899
1524,SRS1596791,PRJNA328899
1525,SRS1596792,PRJNA328899
1526,SRS1596793,PRJNA328899
1527,SRS1596794,PRJNA328899
1528,SRS1596795,PRJNA328899
1530,SRS1596796,PRJNA328899
1529,SRS1596797,PRJNA328899
1531,SRS1596798,PRJNA328899
1532,SRS1596799,PRJNA328899
1533,SRS1596800,PRJNA328899
1534,SRS1596801,PRJNA328899
1535,SRS1596802,PRJNA328899
1536,SRS1596803,PRJNA328899
1537,SRS1596804,PRJNA328899
1538,SRS1596805,PRJNA328899
1539,SRS1596806,PRJNA328899
1540,SRS1596807,PRJNA328899
1541,SRS1596808,PRJNA328899
1543,SRS1596809,PRJNA328899
1542,SRS1596810,PRJNA328899
1544,SRS1596811,PRJNA328899
1545,SRS1596812,PRJNA328899
1546,SRS1596813,PRJNA328899
1547,SRS1596814,PRJNA328899
1548,SRS1596815,PRJNA328899
1549,SRS1596816,PRJNA328899
1550,SRS1596817,PRJNA328899
1551,SRS1596818,PRJNA328899
1552,SRS1596819,PRJNA328899
1553,SRS1596820,PRJNA328899
1554,SRS1596821,PRJNA328899
1555,SRS1596822,PRJNA328899
1557,SRS1596823,PRJNA328899
1558,SRS1596824,PRJNA328899
1556,SRS1596825,PRJNA328899
1559,SRS1596826,PRJNA328899
1560,SRS1596827,PRJNA328899
1561,SRS1596828,PRJNA328899
1562,SRS1596829,PRJNA328899
1563,SRS1596830,PRJNA328899
1564,SRS1596831,PRJNA328899
1565,SRS1596832,PRJNA328899
1566,SRS1596833,PRJNA328899
1567,SRS1596834,PRJNA328899
1568,SRS1596835,PRJNA328899
1569,SRS1596836,PRJNA328899
1570,SRS1596837,PRJNA328899
1571,SRS1596838,PRJNA328899
1572,SRS1596839,PRJNA328899
1574,SRS1596840,PRJNA328899
1573,SRS1596841,PRJNA328899
1575,SRS1596842,PRJNA328899
1576,SRS1596843,PRJNA328899
1577,SRS1596844,PRJNA328899
1578,SRS1596845,PRJNA328899
1579,SRS1596846,PRJNA328899
1580,SRS1596847,PRJNA328899
1581,SRS1596848,PRJNA328899
1582,SRS1596849,PRJNA328899
1583,SRS1596850,PRJNA328899
1584,SRS1596851,PRJNA328899
1585,SRS1596852,PRJNA328899
1586,SRS1596853,PRJNA328899
1587,SRS1596854,PRJNA328899
1588,SRS1596855,PRJNA328899
1589,SRS1596856,PRJNA328899
1590,SRS1596857,PRJNA328899
1591,SRS1596858,PRJNA328899
1592,SRS1596859,PRJNA328899
1593,SRS1596860,PRJNA328899
1594,SRS1596861,PRJNA328899
1595,SRS1596862,PRJNA328899
1596,SRS1596863,PRJNA328899
1597,SRS1596864,PRJNA328899
1598,SRS1596865,PRJNA328899
1599,SRS1596866,PRJNA328899
1600,SRS1596867,PRJNA328899
1601,SRS1596868,PRJNA328899
1602,SRS1596869,PRJNA328899
1603,SRS1596870,PRJNA328899
1604,SRS1596871,PRJNA328899
1605,SRS1596872,PRJNA328899
1606,SRS1596873,PRJNA328899
1607,SRS1596874,PRJNA328899
1608,SRS1596875,PRJNA328899
1609,SRS1596876,PRJNA328899
1610,SRS1596877,PRJNA328899
1611,SRS1858590,PRJNA356225
1612,SRS1858594,PRJNA356225
1613,SRS1858613,PRJNA356225
1614,SRS1858616,PRJNA356225
1615,SRS1858621,PRJNA356225
1616,SRS1858637,PRJNA356225
1617,SRS1858659,PRJNA356225
1618,SRS1858660,PRJNA356225
1619,SRS1858665,PRJNA356225
1620,SRS1858685,PRJNA356225
1621,SRS1858694,PRJNA356225
1622,SRS1858697,PRJNA356225
1623,SRS1858718,PRJNA356225
1624,SRS1858729,PRJNA356225
1625,SRS1858731,PRJNA356225
2187,SRS192952,SRP006764
2188,SRS192954,SRP006764
2189,SRS192956,SRP006764
2190,SRS192958,SRP006764
1632,SRS2058967,PRJNA379741
1633,SRS2058968,PRJNA379741
1634,SRS2058969,PRJNA379741
1635,SRS2058970,PRJNA379741
1636,SRS2058972,PRJNA379741
1637,SRS2058973,PRJNA379741
1638,SRS2058975,PRJNA379741
1639,SRS2058980,PRJNA379741
1640,SRS2058981,PRJNA379741
1641,SRS2058982,PRJNA379741
1642,SRS2058983,PRJNA379741
1643,SRS2058985,PRJNA379741
1644,SRS2058986,PRJNA379741
1645,SRS2058988,PRJNA379741
1646,SRS2058991,PRJNA379741
1647,SRS2058992,PRJNA379741
1648,SRS2058997,PRJNA379741
1649,SRS2058998,PRJNA379741
1650,SRS2059002,PRJNA379741
1651,SRS2059005,PRJNA379741
1652,SRS2059008,PRJNA379741
1653,SRS2059010,PRJNA379741
1654,SRS2059011,PRJNA379741
1655,SRS2059013,PRJNA379741
1656,SRS2059015,PRJNA379741
1657,SRS2059016,PRJNA379741
1658,SRS2059017,PRJNA379741
1659,SRS2059021,PRJNA379741
1660,SRS2059023,PRJNA379741
1661,SRS2059024,PRJNA379741
1662,SRS2059026,PRJNA379741
1663,SRS2059027,PRJNA379741
1664,SRS2059028,PRJNA379741
1665,SRS2059031,PRJNA379741
1666,SRS2059033,PRJNA379741
1667,SRS2059035,PRJNA379741
1668,SRS2059036,PRJNA379741
1669,SRS2059040,PRJNA379741
1670,SRS2059042,PRJNA379741
1671,SRS2059043,PRJNA379741
1672,SRS2059044,PRJNA379741
1673,SRS2059047,PRJNA379741
1674,SRS2059048,PRJNA379741
1675,SRS2059051,PRJNA379741
1628,SRS2061372,PRJNA379741
1629,SRS2061374,PRJNA379741
1630,SRS2061376,PRJNA379741
1631,SRS2061378,PRJNA379741
1626,SRS2063855,PRJNA379741
1627,SRS2063858,PRJNA379741
1676,SRS2407648,PRJNA397112
1677,SRS2407649,PRJNA397112
1678,SRS2407670,PRJNA397112
1679,SRS2407671,PRJNA397112
1680,SRS2407672,PRJNA397112
1681,SRS2407673,PRJNA397112
1682,SRS2407674,PRJNA397112
1683,SRS2407675,PRJNA397112
1684,SRS2407676,PRJNA397112
1685,SRS2407677,PRJNA397112
1686,SRS2407678,PRJNA397112
1687,SRS2407679,PRJNA397112
1688,SRS2407680,PRJNA397112
1689,SRS2407681,PRJNA397112
1690,SRS2407682,PRJNA397112
1692,SRS2407683,PRJNA397112
1691,SRS2407684,PRJNA397112
1694,SRS2407685,PRJNA397112
1693,SRS2407686,PRJNA397112
1695,SRS2407687,PRJNA397112
1696,SRS2407688,PRJNA397112
1697,SRS2407689,PRJNA397112
1698,SRS2407690,PRJNA397112
1700,SRS2407691,PRJNA397112
1699,SRS2407692,PRJNA397112
1702,SRS2407693,PRJNA397112
1701,SRS2407694,PRJNA397112
1704,SRS2407695,PRJNA397112
1703,SRS2407696,PRJNA397112
1705,SRS2407697,PRJNA397112
1706,SRS2407698,PRJNA397112
1707,SRS2407699,PRJNA397112
1709,SRS2407700,PRJNA397112
1708,SRS2407701,PRJNA397112
1710,SRS2407702,PRJNA397112
1711,SRS2407703,PRJNA397112
1712,SRS2407704,PRJNA397112
1713,SRS2407705,PRJNA397112
1714,SRS2407706,PRJNA397112
1716,SRS2407707,PRJNA397112
1715,SRS2407708,PRJNA397112
1717,SRS2407709,PRJNA397112
1718,SRS2407710,PRJNA397112
1719,SRS2407711,PRJNA397112
1720,SRS2407712,PRJNA397112
1721,SRS2407713,PRJNA397112
1722,SRS2407714,PRJNA397112
1723,SRS2407715,PRJNA397112
1724,SRS2407716,PRJNA397112
1725,SRS2407717,PRJNA397112
1727,SRS2407718,PRJNA397112
1726,SRS2407719,PRJNA397112
1728,SRS2407720,PRJNA397112
1730,SRS2407721,PRJNA397112
1729,SRS2407722,PRJNA397112
1731,SRS2407723,PRJNA397112
1732,SRS2407724,PRJNA397112
1733,SRS2407725,PRJNA397112
1734,SRS2407726,PRJNA397112
1736,SRS2407727,PRJNA397112
1735,SRS2407728,PRJNA397112
1737,SRS2407729,PRJNA397112
1738,SRS2407730,PRJNA397112
1739,SRS2407731,PRJNA397112
1740,SRS2407732,PRJNA397112
1741,SRS2407733,PRJNA397112
1742,SRS2407734,PRJNA397112
1743,SRS2407735,PRJNA397112
1744,SRS2407736,PRJNA397112
1745,SRS2407737,PRJNA397112
1747,SRS2407738,PRJNA397112
1749,SRS2407739,PRJNA397112
1748,SRS2407740,PRJNA397112
1746,SRS2407741,PRJNA397112
1750,SRS2407742,PRJNA397112
1751,SRS2407743,PRJNA397112
1752,SRS2407744,PRJNA397112
1753,SRS2407745,PRJNA397112
1754,SRS2407746,PRJNA397112
1755,SRS2407747,PRJNA397112
1756,SRS2407748,PRJNA397112
1758,SRS2407749,PRJNA397112
1757,SRS2407750,PRJNA397112
1759,SRS2407751,PRJNA397112
1760,SRS2407752,PRJNA397112
1764,SRS2407753,PRJNA397112
1762,SRS2407754,PRJNA397112
1763,SRS2407755,PRJNA397112
1765,SRS2407756,PRJNA397112
1766,SRS2407757,PRJNA397112
1761,SRS2407758,PRJNA397112
1768,SRS2407759,PRJNA397112
1767,SRS2407760,PRJNA397112
1770,SRS2407761,PRJNA397112
1769,SRS2407762,PRJNA397112
1771,SRS2407763,PRJNA397112
1772,SRS2407764,PRJNA397112
1773,SRS2407765,PRJNA397112
1778,SRS2407766,PRJNA397112
1776,SRS2407767,PRJNA397112
1777,SRS2407768,PRJNA397112
1775,SRS2407769,PRJNA397112
1774,SRS2407770,PRJNA397112
1780,SRS2407771,PRJNA397112
1779,SRS2407772,PRJNA397112
1781,SRS2407773,PRJNA397112
1784,SRS2407774,PRJNA397112
1783,SRS2407775,PRJNA397112
1782,SRS2407776,PRJNA397112
1785,SRS2407777,PRJNA397112
1786,SRS259469,PRJNA422434
1787,SRS259470,PRJNA422434
1788,SRS259471,PRJNA422434
1789,SRS259472,PRJNA422434
1790,SRS259473,PRJNA422434
1791,SRS259474,PRJNA422434
1792,SRS259475,PRJNA422434
1793,SRS259476,PRJNA422434
1794,SRS259477,PRJNA422434
1795,SRS259478,PRJNA422434
1796,SRS259479,PRJNA422434
1797,SRS259480,PRJNA422434
1798,SRS259481,PRJNA422434
1799,SRS259482,PRJNA422434
1800,SRS259483,PRJNA422434
1801,SRS259484,PRJNA422434
1802,SRS259485,PRJNA422434
1803,SRS259486,PRJNA422434
1804,SRS259487,PRJNA422434
1805,SRS259488,PRJNA422434
1806,SRS259489,PRJNA422434
1807,SRS259490,PRJNA422434
1808,SRS259491,PRJNA422434
1809,SRS259492,PRJNA422434
1810,SRS259493,PRJNA422434
1811,SRS259494,PRJNA422434
1812,SRS259495,PRJNA422434
1813,SRS259496,PRJNA422434
1814,SRS259497,PRJNA422434
1815,SRS259498,PRJNA422434
1816,SRS259499,PRJNA422434
1817,SRS259500,PRJNA422434
1818,SRS259501,PRJNA422434
1819,SRS259502,PRJNA422434
1820,SRS259503,PRJNA422434
1821,SRS259504,PRJNA422434
1822,SRS259505,PRJNA422434
1823,SRS259506,PRJNA422434
1824,SRS259543,PRJNA422434
1825,SRS259544,PRJNA422434
1826,SRS259545,PRJNA422434
1827,SRS259546,PRJNA422434
1828,SRS259547,PRJNA422434
1829,SRS259548,PRJNA422434
1830,SRS259549,PRJNA422434
1831,SRS259550,PRJNA422434
1832,SRS259551,PRJNA422434
1833,SRS259552,PRJNA422434
1834,SRS259553,PRJNA422434
1835,SRS259554,PRJNA422434
1836,SRS259555,PRJNA422434
1837,SRS259556,PRJNA422434
1838,SRS259557,PRJNA422434
1839,SRS259558,PRJNA422434
1840,SRS259559,PRJNA422434
1841,SRS259560,PRJNA422434
1842,SRS259561,PRJNA422434
1843,SRS259562,PRJNA422434
1844,SRS259563,PRJNA422434
1845,SRS259564,PRJNA422434
1846,SRS259565,PRJNA422434
1847,SRS259566,PRJNA422434
1848,SRS259567,PRJNA422434
1849,SRS259568,PRJNA422434
1850,SRS259569,PRJNA422434
1851,SRS259570,PRJNA422434
1852,SRS259571,PRJNA422434
1853,SRS259572,PRJNA422434
1854,SRS259573,PRJNA422434
1855,SRS259574,PRJNA422434
1856,SRS259575,PRJNA422434
1857,SRS259576,PRJNA422434
1858,SRS259577,PRJNA422434
1859,SRS259578,PRJNA422434
1860,SRS294812,PRJNA422434
1861,SRS294813,PRJNA422434
1862,SRS294814,PRJNA422434
1863,SRS294815,PRJNA422434
1864,SRS294816,PRJNA422434
1865,SRS294817,PRJNA422434
1866,SRS294818,PRJNA422434
1867,SRS294819,PRJNA422434
1868,SRS294820,PRJNA422434
1869,SRS294821,PRJNA422434
1870,SRS294822,PRJNA422434
1871,SRS294831,PRJNA422434
1872,SRS294832,PRJNA422434
1873,SRS294833,PRJNA422434
1874,SRS294834,PRJNA422434
1875,SRS294835,PRJNA422434
1876,SRS294836,PRJNA422434
1877,SRS294837,PRJNA422434
1878,SRS294838,PRJNA422434
1879,SRS294839,PRJNA422434
1880,SRS294840,PRJNA422434
1881,SRS294841,PRJNA422434
1882,SRS294842,PRJNA422434
1883,SRS294843,PRJNA422434
1884,SRS294844,PRJNA422434
1885,SRS294845,PRJNA422434
1886,SRS294846,PRJNA422434
1887,SRS294848,PRJNA422434
1888,SRS294849,PRJNA422434
1889,SRS294850,PRJNA422434
1890,SRS294851,PRJNA422434
1891,SRS294852,PRJNA422434
1892,SRS294853,PRJNA422434
1893,SRS294854,PRJNA422434
1894,SRS294855,PRJNA422434
1895,SRS294856,PRJNA422434
1896,SRS294857,PRJNA422434
1897,SRS294858,PRJNA422434
1898,SRS294859,PRJNA422434
1899,SRS294860,PRJNA422434
1900,SRS294861,PRJNA422434
1901,SRS294862,PRJNA422434
1902,SRS294863,PRJNA422434
1903,SRS294864,PRJNA422434
1904,SRS294865,PRJNA422434
1905,SRS294866,PRJNA422434
1906,SRS294867,PRJNA422434
1907,SRS294868,PRJNA422434
1908,SRS294869,PRJNA422434
1909,SRS294870,PRJNA422434
1910,SRS294871,PRJNA422434
1911,SRS294872,PRJNA422434
1912,SRS294873,PRJNA422434
1913,SRS294874,PRJNA422434
1914,SRS294875,PRJNA422434
1915,SRS294876,PRJNA422434
1916,SRS294877,PRJNA422434
1917,SRS294878,PRJNA422434
1918,SRS294879,PRJNA422434
1919,SRS294880,PRJNA422434
1920,SRS294881,PRJNA422434
1921,SRS294882,PRJNA422434
1922,SRS294883,PRJNA422434
1923,SRS294884,PRJNA422434
1924,SRS294885,PRJNA422434
1925,SRS294886,PRJNA422434
1926,SRS294887,PRJNA422434
1927,SRS294888,PRJNA422434
1928,SRS294889,PRJNA422434
1929,SRS294890,PRJNA422434
1930,SRS294891,PRJNA422434
1931,SRS294892,PRJNA422434
1932,SRS294893,PRJNA422434
1933,SRS294894,PRJNA422434
1934,SRS294895,PRJNA422434
1935,SRS294896,PRJNA422434
1936,SRS294897,PRJNA422434
1937,SRS294898,PRJNA422434
1938,SRS294899,PRJNA422434
1939,SRS294900,PRJNA422434
1940,SRS294901,PRJNA422434
1941,SRS294902,PRJNA422434
1942,SRS294903,PRJNA422434
1943,SRS294904,PRJNA422434
1944,SRS294905,PRJNA422434
1945,SRS294906,PRJNA422434
1946,SRS294907,PRJNA422434
1947,SRS294908,PRJNA422434
1948,SRS294909,PRJNA422434
1949,SRS294910,PRJNA422434
1950,SRS294911,PRJNA422434
1951,SRS294912,PRJNA422434
1952,SRS294913,PRJNA422434
1953,SRS294914,PRJNA422434
1954,SRS294915,PRJNA422434
1955,SRS294916,PRJNA422434
1956,SRS294917,PRJNA422434
1957,SRS294918,PRJNA422434
1958,SRS294919,PRJNA422434
1959,SRS294920,PRJNA422434
1960,SRS294921,PRJNA422434
1961,SRS294922,PRJNA422434
1962,SRS294923,PRJNA422434
1963,SRS294924,PRJNA422434
1964,SRS294925,PRJNA422434
1965,SRS294926,PRJNA422434
1966,SRS294927,PRJNA422434
1967,SRS294928,PRJNA422434
1968,SRS294944,PRJNA422434
1969,SRS295014,PRJNA422434
1970,SRS295024,PRJNA422434
2073,SRS3104839,PRJNA447983
2074,SRS3104840,PRJNA447983
2072,SRS3104842,PRJNA447983
2071,SRS3104847,PRJNA447983
2070,SRS3104858,PRJNA447983
2069,SRS3104859,PRJNA447983
2068,SRS3104863,PRJNA447983
2067,SRS3104865,PRJNA447983
2065,SRS3104866,PRJNA447983
2066,SRS3104867,PRJNA447983
2064,SRS3104868,PRJNA447983
2063,SRS3104870,PRJNA447983
2062,SRS3104871,PRJNA447983
2061,SRS3104872,PRJNA447983
2060,SRS3104873,PRJNA447983
2059,SRS3104874,PRJNA447983
2058,SRS3104876,PRJNA447983
2057,SRS3104878,PRJNA447983
2056,SRS3104879,PRJNA447983
2055,SRS3104889,PRJNA447983
2054,SRS3104890,PRJNA447983
2053,SRS3104891,PRJNA447983
2052,SRS3104892,PRJNA447983
2051,SRS3104893,PRJNA447983
2050,SRS3104894,PRJNA447983
2049,SRS3104895,PRJNA447983
2048,SRS3104896,PRJNA447983
2047,SRS3104897,PRJNA447983
2046,SRS3104898,PRJNA447983
2045,SRS3104900,PRJNA447983
2044,SRS3104901,PRJNA447983
2043,SRS3104916,PRJNA447983
2042,SRS3104917,PRJNA447983
2041,SRS3104919,PRJNA447983
2040,SRS3104921,PRJNA447983
2039,SRS3104931,PRJNA447983
2038,SRS3104934,PRJNA447983
2037,SRS3104937,PRJNA447983
2035,SRS3104943,PRJNA447983
2032,SRS3104948,PRJNA447983
2034,SRS3104949,PRJNA447983
2033,SRS3104950,PRJNA447983
2028,SRS3104951,PRJNA447983
2031,SRS3104952,PRJNA447983
2029,SRS3104953,PRJNA447983
2030,SRS3104954,PRJNA447983
2027,SRS3104957,PRJNA447983
2026,SRS3104958,PRJNA447983
2025,SRS3104963,PRJNA447983
2024,SRS3104969,PRJNA447983
2023,SRS3104972,PRJNA447983
2036,SRS3104974,PRJNA447983
2184,SRS3638571,PRJNA485056
2183,SRS3638572,PRJNA485056
2186,SRS3638573,PRJNA485056
2185,SRS3638574,PRJNA485056
2181,SRS3638575,PRJNA485056
2180,SRS3638576,PRJNA485056
2178,SRS3638577,PRJNA485056
2179,SRS3638578,PRJNA485056
2182,SRS3638579,PRJNA485056
2177,SRS3638580,PRJNA485056
2175,SRS3638581,PRJNA485056
2174,SRS3638582,PRJNA485056
2172,SRS3638583,PRJNA485056
2173,SRS3638584,PRJNA485056
2171,SRS3638585,PRJNA485056
2169,SRS3638586,PRJNA485056
2168,SRS3638587,PRJNA485056
2166,SRS3638588,PRJNA485056
2165,SRS3638589,PRJNA485056
2163,SRS3638590,PRJNA485056
2162,SRS3638591,PRJNA485056
2160,SRS3638592,PRJNA485056
2161,SRS3638593,PRJNA485056
2159,SRS3638594,PRJNA485056
2156,SRS3638595,PRJNA485056
2157,SRS3638596,PRJNA485056
2155,SRS3638597,PRJNA485056
2152,SRS3638598,PRJNA485056
2154,SRS3638599,PRJNA485056
2153,SRS3638600,PRJNA485056
2150,SRS3638601,PRJNA485056
2151,SRS3638602,PRJNA485056
2149,SRS3638603,PRJNA485056
2147,SRS3638604,PRJNA485056
2146,SRS3638605,PRJNA485056
2145,SRS3638606,PRJNA485056
2144,SRS3638607,PRJNA485056
2143,SRS3638608,PRJNA485056
2142,SRS3638609,PRJNA485056
2141,SRS3638610,PRJNA485056
2140,SRS3638611,PRJNA485056
2139,SRS3638612,PRJNA485056
2138,SRS3638613,PRJNA485056
2136,SRS3638614,PRJNA485056
2137,SRS3638615,PRJNA485056
2134,SRS3638616,PRJNA485056
2135,SRS3638617,PRJNA485056
2133,SRS3638618,PRJNA485056
2131,SRS3638619,PRJNA485056
2130,SRS3638620,PRJNA485056
2132,SRS3638621,PRJNA485056
2129,SRS3638622,PRJNA485056
2127,SRS3638623,PRJNA485056
2128,SRS3638624,PRJNA485056
2126,SRS3638625,PRJNA485056
2125,SRS3638626,PRJNA485056
2124,SRS3638627,PRJNA485056
2123,SRS3638628,PRJNA485056
2122,SRS3638629,PRJNA485056
2121,SRS3638630,PRJNA485056
2120,SRS3638631,PRJNA485056
2176,SRS3638632,PRJNA485056
2119,SRS3638633,PRJNA485056
2118,SRS3638634,PRJNA485056
2117,SRS3638635,PRJNA485056
2115,SRS3638636,PRJNA485056
2116,SRS3638637,PRJNA485056
2170,SRS3638638,PRJNA485056
2114,SRS3638639,PRJNA485056
2113,SRS3638640,PRJNA485056
2112,SRS3638641,PRJNA485056
2167,SRS3638642,PRJNA485056
2110,SRS3638643,PRJNA485056
2111,SRS3638644,PRJNA485056
2109,SRS3638645,PRJNA485056
2108,SRS3638646,PRJNA485056
2107,SRS3638647,PRJNA485056
2106,SRS3638648,PRJNA485056
2105,SRS3638649,PRJNA485056
2103,SRS3638650,PRJNA485056
2104,SRS3638651,PRJNA485056
2102,SRS3638652,PRJNA485056
2164,SRS3638653,PRJNA485056
2101,SRS3638654,PRJNA485056
2100,SRS3638655,PRJNA485056
2099,SRS3638656,PRJNA485056
2097,SRS3638657,PRJNA485056
2096,SRS3638658,PRJNA485056
2098,SRS3638659,PRJNA485056
2094,SRS3638660,PRJNA485056
2095,SRS3638661,PRJNA485056
2093,SRS3638662,PRJNA485056
2092,SRS3638663,PRJNA485056
2158,SRS3638664,PRJNA485056
2091,SRS3638665,PRJNA485056
2089,SRS3638666,PRJNA485056
2090,SRS3638667,PRJNA485056
2086,SRS3638668,PRJNA485056
2088,SRS3638669,PRJNA485056
2087,SRS3638670,PRJNA485056
2084,SRS3638671,PRJNA485056
2083,SRS3638672,PRJNA485056
2082,SRS3638673,PRJNA485056
2085,SRS3638674,PRJNA485056
2081,SRS3638675,PRJNA485056
2079,SRS3638676,PRJNA485056
2080,SRS3638677,PRJNA485056
2078,SRS3638678,PRJNA485056
2077,SRS3638679,PRJNA485056
2076,SRS3638680,PRJNA485056
2075,SRS3638681,PRJNA485056
2148,SRS3638682,PRJNA485056
1147,SRS367799,PRJNA177201
1148,SRS367846,PRJNA177201
1149,SRS367847,PRJNA177201
1150,SRS367848,PRJNA177201
1151,SRS367854,PRJNA177201
1152,SRS367855,PRJNA177201
1153,SRS367856,PRJNA177201
1154,SRS367861,PRJNA177201
1155,SRS367862,PRJNA177201
1156,SRS367863,PRJNA177201
1157,SRS367864,PRJNA177201
1158,SRS367865,PRJNA177201
1159,SRS367866,PRJNA177201
1498,SRS3984171,PRJNA289586
1497,SRS3984172,PRJNA289586
1496,SRS3984173,PRJNA289586
1495,SRS3984174,PRJNA289586
1494,SRS3984175,PRJNA289586
1493,SRS3984176,PRJNA289586
1492,SRS3984181,PRJNA289586
1491,SRS3984184,PRJNA289586
1490,SRS3984185,PRJNA289586
1489,SRS3984186,PRJNA289586
1488,SRS3984188,PRJNA289586
1487,SRS3984192,PRJNA289586
1486,SRS3984194,PRJNA289586
1485,SRS3984195,PRJNA289586
1484,SRS3984196,PRJNA289586
1483,SRS3984197,PRJNA289586
1482,SRS3984202,PRJNA289586
1481,SRS3984203,PRJNA289586
1480,SRS3984205,PRJNA289586
1479,SRS3984206,PRJNA289586
1478,SRS3984280,PRJNA289586
1477,SRS3984281,PRJNA289586
1476,SRS3984282,PRJNA289586
1475,SRS3984283,PRJNA289586
2022,SRS4444657,PRJNA431482
2021,SRS4444658,PRJNA431482
2020,SRS4444659,PRJNA431482
2019,SRS4444660,PRJNA431482
2018,SRS4444661,PRJNA431482
2017,SRS4444662,PRJNA431482
2016,SRS4444663,PRJNA431482
2015,SRS4444664,PRJNA431482
2014,SRS4444665,PRJNA431482
2013,SRS4444666,PRJNA431482
2012,SRS4444667,PRJNA431482
2011,SRS4444668,PRJNA431482
2010,SRS4444669,PRJNA431482
2009,SRS4444670,PRJNA431482
2008,SRS4444671,PRJNA431482
2007,SRS4444672,PRJNA431482
2006,SRS4444673,PRJNA431482
2005,SRS4444674,PRJNA431482
2004,SRS4444675,PRJNA431482
2003,SRS4444676,PRJNA431482
2002,SRS4444677,PRJNA431482
2001,SRS4444678,PRJNA431482
2000,SRS4444679,PRJNA431482
1999,SRS4444680,PRJNA431482
1998,SRS4444681,PRJNA431482
1997,SRS4444682,PRJNA431482
1996,SRS4444683,PRJNA431482
1995,SRS4444684,PRJNA431482
1994,SRS4444685,PRJNA431482
1993,SRS4444686,PRJNA431482
1992,SRS4444687,PRJNA431482
1991,SRS4444688,PRJNA431482
1990,SRS4444689,PRJNA431482
1989,SRS4444690,PRJNA431482
1988,SRS4444691,PRJNA431482
1987,SRS4444692,PRJNA431482
1986,SRS4444693,PRJNA431482
1985,SRS4444694,PRJNA431482
1984,SRS4444695,PRJNA431482
1983,SRS4444696,PRJNA431482
1982,SRS4444697,PRJNA431482
1981,SRS4444698,PRJNA431482
1980,SRS4444699,PRJNA431482
1979,SRS4444700,PRJNA431482
1978,SRS4444701,PRJNA431482
1977,SRS4444702,PRJNA431482
1976,SRS4444703,PRJNA431482
1975,SRS4444704,PRJNA431482
1974,SRS4444705,PRJNA431482
1973,SRS4444706,PRJNA431482
1972,SRS4444707,PRJNA431482
1971,SRS4444708,PRJNA431482
1169,SRS475534,PRJNA217052
1178,SRS475537,PRJNA217052
1238,SRS475539,PRJNA217052
1331,SRS475540,PRJNA217052
1234,SRS475541,PRJNA217052
1337,SRS475542,PRJNA217052
1179,SRS475545,PRJNA217052
1221,SRS475546,PRJNA217052
1174,SRS475549,PRJNA217052
1274,SRS475565,PRJNA217052
1267,SRS475566,PRJNA217052
1216,SRS475567,PRJNA217052
1323,SRS475568,PRJNA217052
1307,SRS475572,PRJNA217052
1168,SRS475575,PRJNA217052
1272,SRS475578,PRJNA217052
1258,SRS475582,PRJNA217052
1324,SRS475585,PRJNA217052
1175,SRS475586,PRJNA217052
1286,SRS475589,PRJNA217052
1198,SRS475594,PRJNA217052
1250,SRS475598,PRJNA217052
1294,SRS475604,PRJNA217052
1277,SRS475611,PRJNA217052
1314,SRS475612,PRJNA217052
1195,SRS475613,PRJNA217052
1188,SRS475621,PRJNA217052
1215,SRS475624,PRJNA217052
1317,SRS475625,PRJNA217052
1325,SRS475626,PRJNA217052
1165,SRS475627,PRJNA217052
1329,SRS475630,PRJNA217052
1284,SRS475631,PRJNA217052
1218,SRS475647,PRJNA217052
1316,SRS475648,PRJNA217052
1211,SRS475651,PRJNA217052
1227,SRS475658,PRJNA217052
1197,SRS475662,PRJNA217052
1184,SRS475664,PRJNA217052
1196,SRS475666,PRJNA217052
1190,SRS475667,PRJNA217052
1248,SRS475673,PRJNA217052
1246,SRS475681,PRJNA217052
1226,SRS475682,PRJNA217052
1235,SRS475684,PRJNA217052
1333,SRS475689,PRJNA217052
1247,SRS475690,PRJNA217052
1259,SRS475692,PRJNA217052
1167,SRS475694,PRJNA217052
1283,SRS475695,PRJNA217052
1170,SRS475698,PRJNA217052
1336,SRS475701,PRJNA217052
1192,SRS475702,PRJNA217052
1207,SRS475703,PRJNA217052
1203,SRS475705,PRJNA217052
1303,SRS475709,PRJNA217052
1319,SRS475722,PRJNA217052
1344,SRS475723,PRJNA217052
1251,SRS475920,PRJNA217052
1275,SRS475924,PRJNA217052
1312,SRS475925,PRJNA217052
1254,SRS475929,PRJNA217052
1271,SRS475931,PRJNA217052
1189,SRS475933,PRJNA217052
1342,SRS475936,PRJNA217052
1160,SRS475941,PRJNA217052
1261,SRS475944,PRJNA217052
1350,SRS475953,PRJNA217052
1224,SRS475958,PRJNA217052
1311,SRS475962,PRJNA217052
1239,SRS475967,PRJNA217052
1330,SRS475968,PRJNA217052
1352,SRS475979,PRJNA217052
1338,SRS475980,PRJNA217052
1206,SRS475981,PRJNA217052
1347,SRS475984,PRJNA217052
1296,SRS475986,PRJNA217052
1213,SRS475987,PRJNA217052
1236,SRS475989,PRJNA217052
1290,SRS475990,PRJNA217052
1217,SRS475993,PRJNA217052
1212,SRS475994,PRJNA217052
1291,SRS475997,PRJNA217052
1205,SRS475998,PRJNA217052
1341,SRS476001,PRJNA217052
1327,SRS476013,PRJNA217052
1287,SRS476014,PRJNA217052
1255,SRS476015,PRJNA217052
1228,SRS476019,PRJNA217052
1199,SRS476020,PRJNA217052
1263,SRS476021,PRJNA217052
1270,SRS476034,PRJNA217052
1210,SRS476035,PRJNA217052
1318,SRS476037,PRJNA217052
1240,SRS476047,PRJNA217052
1223,SRS476050,PRJNA217052
1309,SRS476051,PRJNA217052
1262,SRS476058,PRJNA217052
1256,SRS476070,PRJNA217052
1320,SRS476076,PRJNA217052
1161,SRS476077,PRJNA217052
1180,SRS476083,PRJNA217052
1166,SRS476092,PRJNA217052
1214,SRS476094,PRJNA217052
1289,SRS476095,PRJNA217052
1301,SRS476096,PRJNA217052
1229,SRS476097,PRJNA217052
1182,SRS476098,PRJNA217052
1245,SRS476100,PRJNA217052
1315,SRS476101,PRJNA217052
1335,SRS476103,PRJNA217052
1171,SRS476104,PRJNA217052
1322,SRS476106,PRJNA217052
1222,SRS476108,PRJNA217052
1201,SRS476114,PRJNA217052
1163,SRS476118,PRJNA217052
1281,SRS476119,PRJNA217052
1243,SRS476120,PRJNA217052
1200,SRS476121,PRJNA217052
1204,SRS476125,PRJNA217052
1177,SRS476128,PRJNA217052
1285,SRS476139,PRJNA217052
1162,SRS476141,PRJNA217052
1172,SRS476142,PRJNA217052
1249,SRS476143,PRJNA217052
1191,SRS476144,PRJNA217052
1306,SRS476147,PRJNA217052
1326,SRS476148,PRJNA217052
1266,SRS476152,PRJNA217052
1232,SRS476153,PRJNA217052
1193,SRS476154,PRJNA217052
1183,SRS476155,PRJNA217052
1278,SRS476159,PRJNA217052
1321,SRS476160,PRJNA217052
1273,SRS476163,PRJNA217052
1230,SRS476164,PRJNA217052
1349,SRS476166,PRJNA217052
1339,SRS476167,PRJNA217052
1269,SRS476169,PRJNA217052
1346,SRS476173,PRJNA217052
1202,SRS476182,PRJNA217052
1313,SRS476183,PRJNA217052
1280,SRS476184,PRJNA217052
1345,SRS476185,PRJNA217052
1186,SRS476187,PRJNA217052
1268,SRS476188,PRJNA217052
1305,SRS476189,PRJNA217052
1185,SRS476191,PRJNA217052
1181,SRS476192,PRJNA217052
1164,SRS476193,PRJNA217052
1332,SRS476195,PRJNA217052
1173,SRS476198,PRJNA217052
1252,SRS476205,PRJNA217052
1340,SRS476211,PRJNA217052
1265,SRS476212,PRJNA217052
1276,SRS476213,PRJNA217052
1242,SRS476262,PRJNA217052
1334,SRS476267,PRJNA217052
1231,SRS476269,PRJNA217052
1282,SRS476270,PRJNA217052
1310,SRS476271,PRJNA217052
1176,SRS476273,PRJNA217052
1187,SRS476274,PRJNA217052
1297,SRS476276,PRJNA217052
1308,SRS476277,PRJNA217052
1292,SRS476278,PRJNA217052
1293,SRS476280,PRJNA217052
1304,SRS476287,PRJNA217052
1233,SRS476288,PRJNA217052
1244,SRS476289,PRJNA217052
1348,SRS476290,PRJNA217052
1279,SRS476291,PRJNA217052
1241,SRS476292,PRJNA217052
1225,SRS476293,PRJNA217052
1295,SRS476295,PRJNA217052
1300,SRS476296,PRJNA217052
1219,SRS476302,PRJNA217052
1194,SRS476306,PRJNA217052
1299,SRS476326,PRJNA217052
1343,SRS476328,PRJNA217052
1351,SRS476342,PRJNA217052
1253,SRS476346,PRJNA217052
1264,SRS476348,PRJNA217052
1260,SRS476430,PRJNA217052
1288,SRS476489,PRJNA217052
1302,SRS476518,PRJNA217052
1220,SRS476519,PRJNA217052
1328,SRS476794,PRJNA217052
1208,SRS476833,PRJNA217052
1257,SRS476839,PRJNA217052
1237,SRS476863,PRJNA217052
1209,SRS476874,PRJNA217052
1298,SRS477428,PRJNA217052
1500,SRS5107612,PRJNA289586
1499,SRS5107613,PRJNA289586
1356,SRS820572,PRJNA268964
1357,SRS820573,PRJNA268964
1359,SRS820574,PRJNA268964
1358,SRS820575,PRJNA268964
1353,SRS820576,PRJNA268964
1354,SRS820577,PRJNA268964
1355,SRS820578,PRJNA268964
1360,SRS820579,PRJNA268964
1361,SRS820580,PRJNA268964
1362,SRS820581,PRJNA268964
1363,SRS820582,PRJNA268964
1364,SRS820583,PRJNA268964
1365,SRS820584,PRJNA268964
1366,SRS820585,PRJNA268964
1367,SRS820586,PRJNA268964
1368,SRS820587,PRJNA268964
1369,SRS820588,PRJNA268964
1370,SRS820589,PRJNA268964
1371,SRS820590,PRJNA268964
1372,SRS820591,PRJNA268964
1373,SRS820592,PRJNA268964
1374,SRS820593,PRJNA268964
1375,SRS820594,PRJNA268964
1376,SRS820595,PRJNA268964
1377,SRS820596,PRJNA268964
1378,SRS820597,PRJNA268964
1379,SRS820598,PRJNA268964
1380,SRS820599,PRJNA268964
1381,SRS820600,PRJNA268964
1382,SRS820601,PRJNA268964
1383,SRS820602,PRJNA268964
1384,SRS820603,PRJNA268964
1385,SRS820604,PRJNA268964
1386,SRS820605,PRJNA268964
1387,SRS820606,PRJNA268964
1388,SRS820607,PRJNA268964
1389,SRS820608,PRJNA268964
1390,SRS820609,PRJNA268964
1391,SRS820610,PRJNA268964
1393,SRS820611,PRJNA268964
1394,SRS820612,PRJNA268964
1395,SRS820613,PRJNA268964
1392,SRS820614,PRJNA268964
1397,SRS820615,PRJNA268964
1396,SRS820616,PRJNA268964
1398,SRS820617,PRJNA268964
1399,SRS820618,PRJNA268964
1400,SRS820619,PRJNA268964
1401,SRS820620,PRJNA268964
1402,SRS820621,PRJNA268964
1403,SRS820622,PRJNA268964
1404,SRS820623,PRJNA268964
1405,SRS820624,PRJNA268964
1406,SRS820625,PRJNA268964
1407,SRS820626,PRJNA268964
1408,SRS820627,PRJNA268964
1409,SRS820628,PRJNA268964
1410,SRS820629,PRJNA268964
1411,SRS882224,PRJNA278393
1412,SRS882242,PRJNA278393
1413,SRS882244,PRJNA278393
1414,SRS882245,PRJNA278393
1415,SRS883017,PRJNA278393
1416,SRS883018,PRJNA278393
1417,SRS883019,PRJNA278393
1418,SRS883020,PRJNA278393
1419,SRS883021,PRJNA278393
1420,SRS883022,PRJNA278393
1421,SRS883023,PRJNA278393
1422,SRS883024,PRJNA278393
1423,SRS883025,PRJNA278393
1424,SRS883026,PRJNA278393
1425,SRS883027,PRJNA278393
1426,SRS883028,PRJNA278393
1427,SRS883029,PRJNA278393
1428,SRS883030,PRJNA278393
1429,SRS883031,PRJNA278393
1430,SRS883032,PRJNA278393
1431,SRS883034,PRJNA278393
1432,SRS883035,PRJNA278393
1433,SRS883036,PRJNA278393
1434,SRS883037,PRJNA278393
1435,SRS883038,PRJNA278393
1436,SRS883039,PRJNA278393
1437,SRS883040,PRJNA278393
1438,SRS883041,PRJNA278393
1439,SRS883042,PRJNA278393
1441,SRS883043,PRJNA278393
1440,SRS883066,PRJNA278393
1442,SRS883067,PRJNA278393
1443,SRS883069,PRJNA278393
1444,SRS883070,PRJNA278393
1445,SRS883112,PRJNA278393
1446,SRS883113,PRJNA278393
1447,SRS883147,PRJNA278393
1448,SRS883293,PRJNA278393
