,NW,W
msp_0001,-0.03236657281926626,0.018880500811238637
msp_0002,0.1494873042414749,-0.08720092747419377
msp_0003,-0.5381332437067824,0.3139110588289564
msp_0004,0.1262625757807578,-0.07365316920544203
msp_0005,0.23212757256617392,-0.13540775066360136
msp_0006,-0.6609445123062628,0.3855509655119865
msp_0007,-0.6431108899605749,0.37514801914366885
msp_0008,-0.7333714876625266,0.42780003446980674
msp_0009,-0.7310769270140808,0.4264615407582138
msp_0010,-0.40846902580570343,0.23827359838666037
msp_0011,-0.533866917720513,0.3114223686702993
msp_0012,-0.9434527942556166,0.5503474633157762
msp_0013,-0.986730987324967,0.5755930759395639
msp_0014,-0.8369933051247598,0.4882460946561098
msp_0015,-0.6466776917460443,0.37722865351852636
msp_0016,-0.4839810301314134,0.28232226757665785
msp_0017,-1.101795350793187,0.6427139546293593
msp_0018,-0.6644422241225579,0.3875912974048255
msp_0019,-0.396422707554037,0.2312465794065216
msp_0020,-0.7437820083808658,0.43387283822217143
msp_0021,-0.5223014173812117,0.3046758268057069
msp_0022,-0.7664999480877915,0.4471249697178783
msp_0023,-0.7562432560966209,0.44114189938969545
msp_0024,-0.491824566830917,0.28689766398470157
msp_0025,-0.7442040750660749,0.434119043788544
msp_0026,-0.7017129382983026,0.40933254734067664
msp_0027,-0.8050701340764206,0.469624244877912
msp_0028,-0.6928838591546773,0.404182251173562
msp_0029,-0.5964641409758574,0.34793741556925073
msp_0030,0.17683814070911044,-0.10315558208031439
msp_0031,-0.695215086550126,0.40554213382090704
msp_0032,-0.8573434658520053,0.5001170217470032
msp_0033,0.21747363147786627,-0.12685961836208862
msp_0034,-0.5034572371239779,0.2936833883223205
msp_0035,-0.7803732268347422,0.4552177156536
msp_0036,-0.8631605663516554,0.5035103303717987
msp_0037,-0.8121303892998746,0.4737427270915935
msp_0038,0.7487407498674042,-0.4367654374226524
msp_0039,0.18719674821285423,-0.10919810312416485
msp_0040,-0.8233669543135297,0.48029739001622546
msp_0041,0.861799208703802,-0.5027162050772173
msp_0042,-0.35580002306909364,0.20755001345697136
msp_0043,-0.6308700204022085,0.36800751190128844
msp_0044,-0.3447394273790097,0.20109799930442226
msp_0045,-0.7417602127805656,0.4326934574553296
msp_0046,-1.102321894198577,0.6430211049491703
msp_0047,-0.31383435583691505,0.18307004090486692
msp_0048,-0.6817420926882994,0.39768288740150787
msp_0049,-0.48861137768381113,0.2850233036488897
msp_0050,-0.5742470975395617,0.3349774735647441
msp_0051,-0.28897713105168105,0.16856999311348064
msp_0052,-0.7925248853886772,0.46230618314339483
msp_0053,-0.8588934515912524,0.5010211800948972
msp_0054,-0.6170036385158896,0.35991878913426906
msp_0055,0.6562766000673385,-0.3828280167059476
msp_0056,-0.7210829937927862,0.4206317463791251
msp_0057,0.01958769873778318,-0.011426157597040102
msp_0058,-0.6882562439402425,0.4014828089651416
msp_0059,-0.8941198127997866,0.5215698907998755
msp_0060,0.7309224737201534,-0.4263714430034229
msp_0061,0.03352870158204245,-0.019558409256191622
msp_0062,-0.5888867591101865,0.34351727614760935
msp_0063,-0.8580146421356126,0.5005085412457743
msp_0064,0.9493036450938216,-0.5537604596380625
msp_0065,-0.5953438629729811,0.3472839200675724
msp_0066,-0.6608640863868421,0.38550405039232466
msp_0067,-0.6799811775834362,0.3966556869236712
msp_0068,0.22388514090480666,-0.1305996655278039
msp_0069,-0.9801227002148469,0.5717382417919942
msp_0070,-0.6289951213813569,0.36691382080579166
msp_0071,-0.546718178436783,0.31891893742145694
msp_0072,-0.008925416500026222,0.00520649295834875
msp_0073,0.10164807673368927,-0.05929471142798539
msp_0074,-0.012061996204510539,0.007036164452631023
msp_0075,-0.1568012889746751,0.09146741856856035
msp_0076,-0.5418296670544901,0.3160673057817858
msp_0077,-0.048089144883461325,0.028052001182019493
msp_0078,0.8385292223419901,-0.4891420463661609
msp_0079,-0.855328792212409,0.4989417954572382
msp_0080,0.9955448557980455,-0.5807344992155262
msp_0081,0.6335263661444367,-0.3695570469175878
msp_0082c,0.2627098323084507,-0.1532474021799297
msp_0083,-0.5682788159740374,0.3314959759848551
msp_0084,1.111762469832506,-0.648528107402295
msp_0085,-0.5378259116230951,0.3137317817801386
msp_0086,-0.565314312043858,0.32976668202558385
msp_0087,-0.17887458932611852,0.10434351044023608
msp_0088,-0.4237520281138018,0.2471886830663844
msp_0089,-0.5966764911187129,0.34806128648591567
msp_0090,-0.7416965994104558,0.43265634965609917
msp_0091,1.1907949380563891,-0.6946303805328938
msp_0092,-0.5523931428824486,0.3222293333480949
msp_0093,-0.8343846616355969,0.4867243859540984
msp_0094,0.5643721562899112,-0.329217091169115
msp_0095,-0.5354596721255339,0.31235147540656133
msp_0096,-0.5801681635034291,0.33843142871033377
msp_0097,-0.5818992932715367,0.3394412544083962
msp_0098,-0.38077667150756717,0.2221197250460806
msp_0099,-0.43335439502173634,0.25279006376267954
msp_0100,-0.21691619465574677,0.12653444688251886
msp_0101,-0.551177255005114,0.32152006541964984
msp_0102,-0.23014833069019572,0.1342531929026141
msp_0103,-0.47121678980578047,0.2748764607200387
msp_0104,-0.7470084742436242,0.4357549433087806
msp_0105,0.2570234222011963,-0.1499303296173649
msp_0106,-0.2871577258888037,0.16750867343513556
msp_0107,-0.7226896494459389,0.42156896217679757
msp_0108,0.3357125049112713,-0.19583229453157472
msp_0109,-0.8699825239168952,0.5074898056181888
msp_0110,-0.6159948678995022,0.3593303396080431
msp_0111,-0.5697776833360175,0.3323703152793434
msp_0112,-0.7965314372921986,0.46464333842044914
msp_0113,-0.9555738882719386,0.5574181014919641
msp_0114,-0.6569872808121767,0.3832425804737698
msp_0115c,-0.41369218836234,0.24132044321136484
msp_0116,-0.6503598138531527,0.37937655808100534
msp_0117,0.30270637797312944,-0.17657872048432577
msp_0118,-0.5195270540389995,0.30305744818941627
msp_0119,-0.42938572208918463,0.2504750045520245
msp_0120,-0.3348564472809063,0.1953329275805286
msp_0121,-0.12743268353109619,0.07433573205980602
msp_0122,-0.03421631115741253,0.019959514841824014
msp_0123,0.8123007695059247,-0.47384211554512273
msp_0124,-0.5279488630799137,0.30797017012995004
msp_0125,-0.688143699522548,0.4014171580548201
msp_0126,-1.092675500336597,0.6373940418630153
msp_0127,0.3719133534222313,-0.2169494561629681
msp_0128,-0.6648601897588667,0.38783511069267224
msp_0129,-1.0093216728858636,0.5887709758500871
msp_0130,-0.5861702620912549,0.3419326528865652
msp_0131,-0.7093459422833078,0.413785132998596
msp_0132,-0.6018291965069716,0.3510670312957333
msp_0133,0.1469304010729354,-0.08570940062587908
msp_0134,-0.32109952734743263,0.18730805761933578
msp_0135,-0.48100866862890673,0.28058839003352903
msp_0136,0.7744855649728688,-0.4517832462341735
msp_0137,-0.6264729189557794,0.3654425360575382
msp_0138,-0.20554724713616565,0.11990256082942992
msp_0139,-0.8884138393025421,0.5182414062598163
msp_0140,-0.48598582377965915,0.2834917305381345
msp_0141,-0.6377350940992171,0.37201213822454354
msp_0142,-0.5439899157520627,0.3173274508553697
msp_0143,-0.711908046122242,0.4152796935713077
msp_0144,0.1959581859012863,-0.11430894177575042
msp_0145,-0.7156474385278084,0.41746100580788853
msp_0146c,-0.30739455402177324,0.17931348984603443
msp_0147,-0.6184169255269197,0.36074320655736963
msp_0148c,-0.5451422962883884,0.31799967283489333
msp_0149,-0.24765718925255126,0.14446669373065502
msp_0150c,-0.7821921495485574,0.456278753903325
msp_0151,-0.7859890280437484,0.45849359969218645
msp_0152,0.24416530554378532,-0.1424297615672083
msp_0153,-0.47806322027752624,0.278870211828557
msp_0154,-0.7446236251837656,0.4343637813571967
msp_0155,-0.23933783910623316,0.13961373947863623
msp_0156,-0.30519056915455234,0.17802783200682235
msp_0157,-0.2676067551221518,0.1561039404879219
msp_0158,-0.08215958236806034,0.04792642304803559
msp_0159,0.7142948480127258,-0.4166719946740905
msp_0160,-0.12510908785536717,0.07298030124896374
msp_0161,0.009394309067682587,-0.005480013622814708
msp_0162,0.3516425505808744,-0.20512482117217676
msp_0163,-0.1076000361503062,0.06276668775434552
msp_0164,-0.34397317949713296,0.2006510213733278
msp_0165,-0.33952352886861503,0.1980553918400254
msp_0166,-0.3474042221179864,0.2026524629021588
msp_0167c,0.3693649307608354,-0.21546287627715385
msp_0168,0.616960526895625,-0.3598936406891147
msp_0169,-0.1198311929542409,0.0699015292233071
msp_0170,-0.7140834526005195,0.41654868068363654
msp_0171,-0.7010797072811796,0.40896316258068827
msp_0172,-0.9557658828971042,0.5575300983566444
msp_0173,0.5997643325316467,-0.3498625273101272
msp_0174,0.4732342621533823,-0.27605331958947305
msp_0175,-0.8126632237039597,0.474053547160643
msp_0176,0.747350711685993,-0.43595458181682933
msp_0177,-0.7628969465603638,0.44502321882687884
msp_0178,0.005555053353699784,-0.003240447789658383
msp_0179,-0.31310344229004045,0.18264367466919032
msp_0180,-0.3333537309384348,0.19445634304742035
msp_0181,-0.4229355656320974,0.24671241328539015
msp_0182,-0.5864279595393046,0.3420829763979276
msp_0183,-0.6529635432759988,0.3808954002443327
msp_0184,-0.31311925520293304,0.18265289886837763
msp_0185,-0.7539769964642866,0.439819914604167
msp_0186,-0.6905932882948816,0.40284608483868095
msp_0187,-0.5288536841055761,0.30849798239491955
msp_0188,-0.7762782587002416,0.4528289842418074
msp_0189,0.06689195044467386,-0.03902030442605989
msp_0190,0.8559804586648136,-0.49932193422114124
msp_0191,-0.5915130857056436,0.34504929999495876
msp_0192,0.4298822849706115,-0.25076466623285715
msp_0193,-0.7696345078968372,0.4489534629398216
msp_0194,-0.4894690527785929,0.2855236141208456
msp_0195,0.5040181645937557,-0.2940105960130243
msp_0196,-0.4875720066827334,0.284417003898261
msp_0197,0.5232841142194337,-0.30524906662800316
msp_0198,-0.7939649365020142,0.46314621295950836
msp_0199,0.7803388308820018,-0.4551976513478342
msp_0200,-0.35728579558787094,0.2084167140929247
msp_0201,-0.6171728849556418,0.36001751622412437
msp_0202,-0.7935101439971994,0.46288091733169967
msp_0203,-0.7540273605967979,0.4398492936814653
msp_0204,-0.6522687582197426,0.38049010896151664
msp_0205,0.1750599168384698,-0.10211828482244069
msp_0206,0.22139358734654385,-0.12914625928548373
msp_0207,-0.6296874511299441,0.3673176798258007
msp_0208,-0.6486769619219942,0.37839489445449653
msp_0209,0.5873328907131683,-0.3426108529160148
msp_0210,-0.828037136246808,0.48302166281063824
msp_0211,-0.3841757657116428,0.22410252999845806
msp_0212,-0.9043243370389541,0.5275225299393902
msp_0213,-0.6128443373211688,0.3574925301040153
msp_0214,-0.7370005664014763,0.429916997067528
msp_0215,0.07324314435198027,-0.042725167538655344
msp_0216,-0.46219401154821754,0.2696131734031269
msp_0217,-0.4688843955425503,0.2735158973998209
msp_0218,0.7004406725165767,-0.40859039230133615
msp_0219,-0.36249516097611645,0.21145551056940123
msp_0220,-0.881640390832323,0.5142902279855216
msp_0221,-0.6054736815002307,0.35319298087513457
msp_0222,-0.8291373863754894,0.4836634753857021
msp_0223,-0.26148218423165537,0.15253127413513232
msp_0224,1.12125499803146,-0.6540654155183513
msp_0225,-0.5743890798261686,0.3350602965652647
msp_0226,-0.06756281206347045,0.039411640370357874
msp_0227,-0.6249916062991053,0.36457843700781134
msp_0228,-0.19899913338214556,0.11608282780625144
msp_0229,1.0183843868080282,-0.5940575589713498
msp_0230,-0.7952833966770719,0.4639153147282918
msp_0231,-0.33596834684676546,0.19598153566061327
msp_0232,-0.7108572391304457,0.41466672282609324
msp_0233,-0.7133573252251753,0.4161251063813521
msp_0234,-0.6595769838461203,0.3847532405769036
msp_0235,-0.18623340822434567,0.10863615479753495
msp_0236,-0.8944754935664824,0.5217773712471145
msp_0237,0.5527200516499565,-0.32242003012914155
msp_0238,-0.5795072385050125,0.33804588912792394
msp_0239,-0.4115516461053133,0.24007179356143285
msp_0240,0.5532865177729079,-0.32275046870086327
msp_0241,-0.1736753082984406,0.10131059650742363
msp_0242,-0.6397474746350562,0.3731860268704496
msp_0243,-0.39543682634790017,0.23067148203627527
msp_0244,-0.17304397644296682,0.1009423195917309
msp_0245,0.25394270934306895,-0.14813324711679024
msp_0246,-0.5855743159033598,0.3415850176102932
msp_0247,0.3243970926907039,-0.1892316374029106
msp_0248,0.4148944459914468,-0.2420217601616773
msp_0249,-0.6351436233665037,0.37050044696379364
msp_0250,-0.6629858030236282,0.38674171843044963
msp_0251,0.8833291681901024,-0.5152753481108933
msp_0252,-0.6121584425605685,0.3570924248269982
msp_0253,-0.540761215733273,0.3154440425110759
msp_0254,-0.7613146793531049,0.4441002296226446
msp_0255,0.2336425450598064,-0.1362914846182203
msp_0256,-0.3364785358568075,0.19627914591647092
msp_0257,0.8078122970428462,-0.4712238399416602
msp_0258,-0.0560464515144375,0.03269376338342133
msp_0259,-0.5702716294053313,0.33265845048644277
msp_0260,-0.6681660048724505,0.38976350284226297
msp_0261,0.8267338096961631,-0.4822613889894285
msp_0262,0.31330773248976174,-0.18276284395236153
msp_0263,0.09276428079073065,-0.0541124971279262
msp_0264,0.933107281091309,-0.544312580636597
msp_0265,0.18184169904787653,-0.10607432444459469
msp_0266,-0.5465078789773316,0.31879626273677686
msp_0267,-0.5432742465797291,0.31690997717150876
msp_0268,-0.5395186605458616,0.31471921865175273
msp_0269,0.6339852917549204,-0.36982475352370364
msp_0270,-0.6048819605010737,0.3528478102922931
msp_0271,-0.30702916703084593,0.17910034743466027
msp_0272,-0.4479702061182859,0.26131595356899995
msp_0273,1.1117127921704844,-0.6484991287661157
msp_0274,-0.8309465612499178,0.4847188273957856
msp_0275,0.8692711606212772,-0.5070748436957451
msp_0276,-0.6593246805310746,0.3846060636431268
msp_0277,0.04697920694859536,-0.02740453738668085
msp_0278,-0.7671644777079072,0.44751261199627934
msp_0279,-0.34965843869666047,0.20396742257305203
msp_0280,0.2864309655155773,-0.16708472988408665
msp_0281,0.5886298047867452,-0.34336738612560147
msp_0282,0.18056292477828623,-0.10532837278733377
msp_0285,-0.2245644543673197,0.13099593171426957
msp_0286,-0.6069991146271659,0.3540828168658467
msp_0287,-0.5442824338527891,0.3174980864141272
msp_0288,-0.6497180918720958,0.37900222025872227
msp_0289,-0.2761346380891565,0.1610785388853412
msp_0290,-0.5329748252328071,0.3109019813858042
msp_0291,-0.6126739792276306,0.35739315454945136
msp_0292,-0.6601207195159259,0.3850704197176234
msp_0293,-0.4553174170059925,0.265601826586829
msp_0294,0.09223525844762591,-0.05380390076111508
msp_0295,-0.44862858690207863,0.26170000902621265
msp_0296,-0.5467761676489009,0.3189527644618589
msp_0297,-0.5351403229534443,0.3121651883895093
msp_0298,0.6252689456555467,-0.3647402182990685
msp_0299,-0.578903382746284,0.3376936399353323
msp_0300,0.7536246495360232,-0.4396143788960136
msp_0301,0.06872142439084658,-0.040087497561327116
msp_0302,0.22254423656399216,-0.12981747132899538
msp_0303,-0.7359171229694969,0.4292849883988732
msp_0304,0.526967721874823,-0.3073978377603134
msp_0305,-0.839257834211575,0.489567069956752
msp_0306,-0.006331840340921062,0.003693573532203856
msp_0307,-0.5025359635541592,0.29314597873992576
msp_0308,-0.686770844873405,0.4006163261761529
msp_0309,-0.37973478495161755,0.22151195788844358
msp_0310,-0.5437471138232394,0.31718581639688975
msp_0311,0.40004206937934356,-0.23335787380461712
msp_0312,0.3093954238128131,-0.18048066389080786
msp_0313,-0.4305550852677497,0.251157133072854
msp_0314,-0.8019106414632741,0.4677812075202434
msp_0315,-0.7888463643100257,0.460160379180848
msp_0316,-0.4972410801935236,0.29005729677955555
msp_0317,-0.6233995861694418,0.363649758598841
msp_0318,-0.23449502942501718,0.13678876716459326
msp_0319,0.7197186575672755,-0.4198358835809108
msp_0320,-0.5094025364883544,0.29715147961820676
msp_0321,-0.3352740860181079,0.1955765501772296
msp_0322,0.5855767089915334,-0.34158641357839464
msp_0323,-0.32851136428827177,0.19163162916815824
msp_0324,-0.691401154742571,0.4033173402664998
msp_0325,-0.5405554922374296,0.3153240371385007
msp_0326,-0.24014380394621654,0.14008388563529295
msp_0327,0.6168111213710894,-0.3598064874664688
msp_0328,-0.5196052137265245,0.3031030413404728
msp_0329,-0.27783253761144616,0.16206898027334357
msp_0330,0.517053386248995,-0.30161447531191365
msp_0331,-0.9183403209930008,0.5356985205792505
msp_0332,0.5842376167493996,-0.34080527643714964
msp_0333,0.9086020782058545,-0.530017878953415
msp_0334,-0.6922368460593838,0.40380482686797414
msp_0335,-0.7918280233795407,0.4618996803047322
msp_0336,-0.3085883762502579,0.18000988614598376
msp_0337,-0.5135802644057246,0.29958848757000617
msp_0338,-0.3035889913165145,0.1770935782679668
msp_0339,0.9932475975396524,-0.5793944318981304
msp_0340,-0.9188307431688739,0.535984600181843
msp_0341,-0.48913137661711925,0.2853266363599862
msp_0342,-0.6885899131901755,0.4016774493609356
msp_0343,0.463284357481684,-0.2702492085309822
msp_0344,0.30573826644978236,-0.17834732209570622
msp_0345,0.8605195654666968,-0.5019697465222398
msp_0346,-0.36401087788423936,0.2123396787658057
msp_0347,-0.4805727919584445,0.280334128642426
msp_0348,0.6182309699287624,-0.36063473245844474
msp_0349,-0.3007442780103941,0.1754341621727298
msp_0350,-0.3932093882564041,0.2293721431495691
msp_0351,-0.529863430328287,0.3090870010248342
msp_0352,0.32234637833445046,-0.18803538736176287
msp_0353,-0.5023320541107463,0.293027031564602
msp_0354,0.5764022363508818,-0.3362346378713477
msp_0355,-0.40160540625685887,0.2342698203165011
msp_0356,-0.5879456752492673,0.3429683105620725
msp_0357,-0.8942350144376146,0.5216370917552751
msp_0358,-0.626426945189972,0.3654157180274835
msp_0359,0.44877208167594607,-0.26178371431096853
msp_0360,-0.7344503395559666,0.428429364740981
msp_0361,0.9225508137631557,-0.5381546413618408
msp_0362,-0.5318861468202232,0.31026691897846365
msp_0363,-0.10769731858870638,0.06282343584341202
msp_0364,-0.580973165408648,0.33890101315504434
msp_0365,-0.7595672252255821,0.4430808813815896
msp_0366,0.3622184203482592,-0.21129407853648444
msp_0367,0.43066741298260663,-0.2512226575731871
msp_0368c,-0.2711752876827318,0.15818558448159362
msp_0369,0.2103102930111421,-0.12268100425649964
msp_0370,-0.847536519407141,0.49439630298749915
msp_0371,0.6459177365664532,-0.3767853463304312
msp_0372,-0.6465492415883379,0.3771537242598639
msp_0373,0.7850446737030529,-0.45794272632678085
msp_0374,-0.5505723539397912,0.32116720646487823
msp_0375,-0.7681215626281471,0.4480709115330854
msp_0376,-0.22996406906712957,0.13414570695582553
msp_0377,-0.4383453297156983,0.2557014423341574
msp_0378,-0.7866486866097111,0.4588784005223314
msp_0379,-0.7662186947432508,0.4469609052668964
msp_0380,-0.6090302804333164,0.3552676635861011
msp_0381,0.18931676413878645,-0.11043477908095906
msp_0382,-0.6829209730431148,0.3983705676084836
msp_0383,0.3141217915431102,-0.18323771173348105
msp_0384,-0.4680292526744925,0.27301706406012066
msp_0385,-0.6242784251373974,0.3641624146634818
msp_0386,-0.48729949230581593,0.28425803717839254
msp_0387,0.5583797855109618,-0.32572154154806104
msp_0388,-0.2742699733116765,0.15999081776514468
msp_0389,-0.5694558727913155,0.3321825924616007
msp_0390,-0.28569630429870385,0.16665617750757725
msp_0391,-0.6402359295163258,0.37347095888452325
msp_0392,0.3353890105398629,-0.19564358948158664
msp_0393,0.08420697453913009,-0.04912073514782583
msp_0394,-0.35592572880100454,0.20762334180058603
msp_0395,0.6500432564339466,-0.3791918995864689
msp_0396,-0.48200439576208304,0.2811692308612152
msp_0397,-0.35676087586487004,0.20811051092117414
msp_0398,0.09540182794580933,-0.05565106630172217
msp_0399,0.49562128037048375,-0.2891124135494486
msp_0400,-0.5964112373280743,0.3479065551080434
msp_0401,-0.7433005545759676,0.43359199016931443
msp_0402,-0.695557423662209,0.40574183046962187
msp_0403,-0.26136474265185183,0.1524627665469136
msp_0404,-0.2505139119621812,0.14613311531127246
msp_0405,-0.5866296455701407,0.34220062658258227
msp_0406,-0.28978060275101697,0.1690386849380933
msp_0407,-0.024996354555537798,0.014581206824063683
msp_0408,-0.258149221064042,0.15058704562069114
msp_0409,-0.27132387959487053,0.1582722630970078
msp_0410,-0.5788185555751489,0.33764415741883685
msp_0411,-0.5480915225512938,0.3197200548215882
msp_0412,-0.7487074770539023,0.436746028281443
msp_0413,-0.3854299195682454,0.22483411974814324
msp_0414,0.609892375444266,-0.3557705523424885
msp_0415,-0.2990542513687912,0.17444831329846158
msp_0416,0.719957285198518,-0.41997508303246905
msp_0417,-0.5904267089691099,0.34441558023198066
msp_0418,0.40816017656380776,-0.2380934363288877
msp_0419,-0.20204187190563758,0.117857758611622
msp_0420,0.8692837960238391,-0.5070822143472397
msp_0421,-0.6419993674622261,0.37449963101963196
msp_0422,0.19060764896738489,-0.11118779523097451
msp_0423,-0.5980192468890546,0.3488445606852821
msp_0424,0.03050880223898538,-0.017796801306074878
msp_0425,-0.8746797573262028,0.510229858440285
msp_0426,1.1104512276617235,-0.6477632161360054
msp_0427,0.521999097309812,-0.3044994734307236
msp_0428,-0.4175618113451592,0.24357772328467617
msp_0429,-0.6275351709431402,0.3660621830501651
msp_0430,-0.516131620508061,0.3010767786297023
msp_0431,-0.6779937642535391,0.39549636248123127
msp_0432,-0.4493288718252216,0.26210850856471263
msp_0433,0.3859951594715382,-0.22516384302506395
msp_0434,-0.3568279773816205,0.20814965347261194
msp_0435,-0.7877140340399631,0.4594998531899785
msp_0436,-0.6907318255856717,0.40292689825830913
msp_0437c,-0.2679070351832519,0.15627910385689706
msp_0438,-0.3006473417395147,0.17537761601471694
msp_0439,-0.45120795690457394,0.26320464152766815
msp_0440,-0.6183394601021449,0.360698018392918
msp_0441,0.5347537072440172,-0.31193966255901
msp_0442,-0.7423065879637962,0.43301217631221456
msp_0443,-0.15061517044369827,0.08785884942549078
msp_0444,0.49756480593032354,-0.2902461367926888
msp_0445,-0.49352104065065566,0.28788727371288236
msp_0446c,-0.5218040593907036,0.3043857013112437
msp_0447,0.5139408437603773,-0.29979882552688664
msp_0448,-0.8592315823160087,0.5012184230176718
msp_0449,-0.5701247295144666,0.33257275888343857
msp_0450,0.39186691006851415,-0.22858903087330004
msp_0451,0.8134617790564149,-0.4745193711162421
msp_0452,0.7662625556846644,-0.4469864908160539
msp_0453,0.5394743479609205,-0.31469336964387024
msp_0454,0.4361451033381613,-0.2544179769472607
msp_0455,-0.6299889228989356,0.3674935383577122
msp_0456,0.313365066458628,-0.18279628876753298
msp_0457,0.26804868454875846,-0.15636173265344264
msp_0458,0.5006023464481367,-0.2920180354280797
msp_0459,0.45869272961996177,-0.2675707589449778
msp_0460,-0.4249555960108488,0.2478907643396616
msp_0461,0.7431980506819483,-0.4335321962311363
msp_0462,-0.8680725487529519,0.5063756534392218
msp_0463,-0.7126713551245765,0.41572495715600316
msp_0464,-0.008569467890917106,0.004998856269701664
msp_0465,-0.3074756585809063,0.17936080083886186
msp_0466,0.369863532883218,-0.21575372751521038
msp_0467,-0.6836260943974583,0.3987818883985172
msp_0468,-0.8944467336315006,0.521760594618376
msp_0469c,-0.440341658967355,0.2568659677309571
msp_0470,-0.3314127395495859,0.19332409807059184
msp_0471,-0.9428085456760067,0.5499716516443374
msp_0472,-0.5166238576207763,0.30136391694545295
msp_0473c,0.27764486660014315,-0.16195950551675
msp_0474,-0.13532389823478108,0.07893894063695574
msp_0475,-0.656910135610928,0.38319757910637464
msp_0476,-0.44833788884544173,0.2615304351598412
msp_0477,-0.4707739140086485,0.2746181165050453
msp_0478,-0.9020275663139631,0.5261827470164785
msp_0479,-0.7375261077898673,0.4302235628774225
msp_0480,0.8653292933577764,-0.5047754211253695
msp_0481,0.1925481566171253,-0.1123197580266563
msp_0482,0.4451186014175645,-0.25965251749357937
msp_0483,-0.06862032239827173,0.04002852139899187
msp_0484,0.3647249996621685,-0.21275624980293117
msp_0485,-0.3883056798168924,0.22651164655985398
msp_0486,0.35306535574212244,-0.20595479084957177
msp_0487,-0.8588844596900891,0.5010159348192186
msp_0488,0.19564551794910337,-0.11412655213697705
msp_0489,-0.24347122462297133,0.14202488103006664
msp_0490,0.21314404984929444,-0.12433402907875486
msp_0491,0.526096634125019,-0.30688970323959447
msp_0492,-0.6147891219360784,0.3586269877960457
msp_0493,0.6318292943761337,-0.3685670883860779
msp_0494,0.4788030377591695,-0.2793017720261823
msp_0495,-0.37427351664186137,0.21832621804108576
msp_0496,0.4073880897723911,-0.23764305236722824
msp_0497,-0.3122038917074335,0.18211893682933625
msp_0498,0.8709230374404614,-0.5080384385069359
msp_0499,0.6614678263217874,-0.38585623202104286
msp_0500,-0.7441927682386554,0.43411244813921573
msp_0501,0.33445874606266024,-0.1951009352032185
msp_0502,-0.510176444113512,0.2976029257328821
msp_0503,0.0033265080921650115,-0.0019404630537628632
msp_0504,0.8102491271850484,-0.4726453241912784
msp_0505,-0.4661046268573853,0.2718943656668082
msp_0506,-0.13647652587740788,0.07961130676182117
msp_0507,-0.6918447234075161,0.40357608865438444
msp_0508,0.7742181931476068,-0.45162727933610397
msp_0509,-0.6524316443229072,0.380585125855029
msp_0510,-0.7866472470648506,0.4588775607878295
msp_0511,0.6372646767883605,-0.37173772812654376
msp_0512,-0.44080555390150994,0.2571365731092143
msp_0513,0.6913489613134421,-0.40328689409950796
msp_0514,0.43803228103608405,-0.25551883060438246
msp_0515,0.3745722357533489,-0.21850047085612023
msp_0516,-0.19971303369474583,0.11649926965526826
msp_0517,-0.45905262686510934,0.2677806990046472
msp_0518,-0.4702836054924245,0.27433210320391416
msp_0519,-0.33036244014253463,0.1927114234164786
msp_0520c,-0.25443266864734787,0.14841905671095293
msp_0521,0.7328877600501834,-0.42751786002927356
msp_0522,-0.8873797101279626,0.5176381642413116
msp_0523,-0.23970091968693358,0.13982553648404464
msp_0524,-0.7725752747381882,0.45066891026394323
msp_0525,-0.5622302318937674,0.32796763527136447
msp_0526,-0.6645990862218962,0.38768280029610613
msp_0527,-0.015460468170917332,0.009018606433035347
msp_0528,-0.5004666217111725,0.29193886266485053
msp_0529,0.5311393704488411,-0.3098312994284907
msp_0530,0.2751168032242469,-0.16048480188081088
msp_0531,-0.32018095364785487,0.18677222296124865
msp_0532,-0.4214427857119968,0.2458416249986649
msp_0533,0.3522286250994372,-0.20546669797467199
msp_0534,0.19381168267171336,-0.11305681489183282
msp_0535,0.8067313852449137,-0.4705933080595328
msp_0536,-0.694584849903439,0.40517449577700604
msp_0537,-0.6111194904114615,0.35648636940668593
msp_0538,0.6422764475072584,-0.37466126104590064
msp_0539,0.5370129880975296,-0.3132575763902257
msp_0540,0.45261297892492525,-0.2640242377062065
msp_0541,-0.53691221116003,0.3131987898433508
msp_0542,-0.899837145412814,0.5249050014908088
msp_0543c,-0.28271879000068006,0.16491929416706333
msp_0544c,0.5091733516764448,-0.29701778847792604
msp_0545,-0.7212695840115152,0.4207405906733838
msp_0546,-0.386490882451464,0.22545301476335386
msp_0547,-0.5595928672646341,0.32642917257103626
msp_0548,0.8223045673478074,-0.47967766428622083
msp_0549,0.8292455521652516,-0.4837265720963965
msp_0550,-0.4600929678910731,0.26838756460312596
msp_0551,-0.7275679255973607,0.42441462326512686
msp_0552,-0.7932444872818741,0.46272595091442653
msp_0553,0.37495417182729185,-0.21872326689925317
msp_0554,-0.7243376771258959,0.4225303116567727
msp_0555,-0.6257630867666623,0.36502846728055305
msp_0556,-0.5480639038369809,0.3197039439049054
msp_0557,-0.23177396067557904,0.1352014770607544
msp_0558,-0.3814898070139524,0.2225357207581389
msp_0559,0.3511944155267369,-0.20486340905726308
msp_0560,-0.7502054187848956,0.4376198276245224
msp_0561,0.8241816921835213,-0.48077265377372064
msp_0562,-0.5745187739378589,0.3351359514637511
msp_0563,-0.5781142144980652,0.3372332917905383
msp_0564,-0.4625771235182272,0.26983665538563256
msp_0565,-0.8577310867505684,0.5003431339378316
msp_0566,-0.31289142884297166,0.18252000015840006
msp_0567,0.042692846788022605,-0.0249041606263464
msp_0568,-0.5842996243209345,0.34084144752054524
msp_0569,-0.011021732559919657,0.006429343993286651
msp_0570,-0.44304005648313033,0.2584400329484926
msp_0571,0.47913637414684906,-0.2794962182523287
msp_0572,-0.3670088408693859,0.21408849050714118
msp_0573,-0.6740684093046936,0.3932065720944047
msp_0574c,-0.31446942629219804,0.1834404986704489
msp_0575,-0.6516589159335425,0.3801343676278998
msp_0576,-0.11806235430221476,0.06886970667629244
msp_0577,-0.3439577291718275,0.20064200868356605
msp_0578,-0.20432985654038333,0.11919241631522355
msp_0579,-0.6011789317320773,0.3506877101770451
msp_0580,-0.30584042851170856,0.17840691663182995
msp_0581,0.7680744529726047,-0.4480434309006858
msp_0582,0.8712372926913806,-0.508221754069972
msp_0583,-0.7618398073221542,0.44440655427125647
msp_0584,-0.558652247858795,0.3258804779176306
msp_0585,-0.30526527820682264,0.17807141228731319
msp_0586,-0.2864027098694211,0.16706824742382873
msp_0587,-0.2635924963281711,0.15376228952476656
msp_0588,-0.7773418918326925,0.45344943690240397
msp_0589c,0.33129080741508776,-0.19325297099213457
msp_0590,-0.12411504432705335,0.07240044252411455
msp_0591,-0.5671581325058783,0.33084224396176204
msp_0592,0.4070504601313658,-0.2374461017432968
msp_0593,-0.42052911138448573,0.2453086483076169
msp_0594,-0.7276879823973127,0.42448465639843236
msp_0595,-0.6579925265125148,0.383828973798967
msp_0596,0.4812472971691661,-0.2807275900153465
msp_0597,0.9039227629277503,-0.5272882783745209
msp_0598,0.9537113606492723,-0.556331627045409
msp_0599,0.7979134104274586,-0.4654494894160175
msp_0600c,0.5182097482010467,-0.30228901978394396
msp_0601c,-0.4456196774028899,0.25994481181835233
msp_0602c,-0.4882470858215995,0.2848108000625998
msp_0603c,-0.5201829259960951,0.3034400401643888
msp_0604,-0.4521961002120833,0.2637810584570486
msp_0605,0.4997544320719471,-0.291523418708636
msp_0606,0.6122682878580249,-0.3571565012505146
msp_0607,-0.39128352504942976,0.2282487229455007
msp_0608,0.6850652525233805,-0.39962139730530516
msp_0609,-0.35791444469139355,0.2087834260699796
msp_0610,-0.6082629403147453,0.35482004851693444
msp_0611,-0.6868505010627954,0.4006627922866308
msp_0612,0.5506150761082091,-0.3211921277297886
msp_0613,-0.9085884628869006,0.5300099366840254
msp_0614,-0.3615328174203502,0.21089414349520422
msp_0615,0.8158898527363682,-0.47593574742954803
msp_0616,-0.3522056722972695,0.20545330884007387
msp_0617,0.9421368968210592,-0.5495798564789512
msp_0618,-0.2406828870470238,0.14039835077743051
msp_0619,-0.7286492486232409,0.4250453950302238
msp_0620,-0.5183626805590266,0.3023782303260988
msp_0621,-0.3718428862984461,0.21690835034076006
msp_0622,-0.23295074373069122,0.13588793384290324
msp_0623,-0.2737295327083073,0.15967556074651268
msp_0624,0.32108050413422673,-0.18729696074496546
msp_0625,-0.6855091174108401,0.3998803184896568
msp_0626,0.3081019515542721,-0.17972613840665877
msp_0627,-0.07944299541040645,0.04634174732273719
msp_0628,-0.5397397630458742,0.31484819511009354
msp_0629,-0.764933668278797,0.4462113064959649
msp_0630,-0.790069284436197,0.4608737492544482
msp_0631,-0.5148492736569581,0.3003287429665591
msp_0632,-0.6836382934125902,0.3987890044906775
msp_0633,-0.45254369976565595,0.26398382486329935
msp_0634,-0.6554347939638202,0.3823369631455618
msp_0635,-0.03323774301266323,0.019388683424053515
msp_0636,-0.6214860782388032,0.36253354563930196
msp_0637,-0.4947401678482088,0.2885984312447885
msp_0638,-0.6737943803060166,0.39304672184517636
msp_0639,0.24586257934602265,-0.14341983795184646
msp_0640,-0.5241081818999412,0.30572977277496594
msp_0641,-0.8260399802449472,0.4818566551428857
msp_0642,-0.5600671443683386,0.3267058342148642
msp_0643,0.6597809314602966,-0.3848722100185064
msp_0644,0.566555195296306,-0.3304905305895119
msp_0645,0.20947151211961243,-0.12219171540310748
msp_0646,-0.5397813563865599,0.31487245789216
msp_0647,-0.8167725058833044,0.4764506284319276
msp_0648,0.5368504339642193,-0.31316275314579456
msp_0649,-0.28182798168725276,0.1643996559842306
msp_0650,0.4408047235395932,-0.2571360887314293
msp_0651,1.0196550016411365,-0.5947987509573293
msp_0652,0.2721034437211239,-0.1587270088373225
msp_0653,-0.5642514506541093,0.3291466795482305
msp_0654,-0.08496354730075616,0.04956206925877451
msp_0655,-0.2081211000443978,0.12140397502589884
msp_0656,0.7332003110019422,-0.4277001814177996
msp_0657,-0.6869812984795115,0.400739090779715
msp_0658,-0.41580431616465463,0.24255251776271522
msp_0659,0.10477277678667511,-0.061117453125560633
msp_0660,-0.3825315563575104,0.22314340787521444
msp_0662,0.2183254564692866,-0.12735651627375047
msp_0663,-0.5844979295052569,0.34095712554473345
msp_0664,-0.22855328044212822,0.13332274692457483
msp_0665,-0.7988071827872639,0.46597085662590393
msp_0666,-0.5606786693590939,0.32706255712613824
msp_0667,0.571063359215226,-0.3331202928755485
msp_0668,0.6564475789620913,-0.38292775439455345
msp_0669,-0.516080807066711,0.3010471374555814
msp_0670,-0.810392334248755,0.472728861645107
msp_0671,-0.14745786888373694,0.08601709018218003
msp_0672,-0.1710002636354559,0.09975015378734935
msp_0673,-0.15534560678844825,0.09061827062659483
msp_0674,0.09772394556147442,-0.05700563491086
msp_0675,-0.5160577642484933,0.3010336958116211
msp_0676,0.6394071391513202,-0.3729874978382699
msp_0677c,-0.38644846777698777,0.2254282728699096
msp_0678,0.5155207961488829,-0.3007204644201818
msp_0679,0.40085850847416943,-0.23383412994326566
msp_0680c,-0.3308372343671602,0.19298838671417676
msp_0681,-0.5002668261146044,0.2918223152335193
msp_0682,0.6574872945149258,-0.3835342551337068
msp_0683,0.6818241607945211,-0.3977307604634706
msp_0684,-0.349674011588601,0.20397650676001722
msp_0685,-0.17997204722765964,0.10498369421613485
msp_0686,0.8280976775587149,-0.4830569785759169
msp_0687,0.5835306131340862,-0.3403928576615503
msp_0688,-0.6189309175132932,0.3610430352160878
msp_0689,-0.5319437291600982,0.3103005086767239
msp_0690,-0.450680969911602,0.26289723244843466
msp_0691,-0.4580953934659829,0.2672223128551564
msp_0692,0.6214649178857172,-0.36252120210000166
msp_0693,0.0033871857829482926,-0.0019758583733865687
msp_0694,0.6914053969743802,-0.4033198149017219
msp_0695,-0.2526626206137163,0.14738652869133426
msp_0696,0.05706521586502676,-0.033288042587932255
msp_0697,0.502129934780896,-0.2929091286221892
msp_0698,-0.6380051225594352,0.37216965482633696
msp_0699,-0.7412520402697774,0.4323970234907036
msp_0700,-0.5029711890027276,0.2933998602515911
msp_0701,-0.5094123131765605,0.297157182686327
msp_0702,-0.19234367074438508,0.11220047460089133
msp_0703,0.9917827343589387,-0.5785399283760475
msp_0704,-0.5615285691453744,0.3275583320014684
msp_0705,-0.020723533997707815,0.01208872816532972
msp_0706,-0.6766529741463254,0.3947142349186901
msp_0707,-0.8492202037243212,0.49537845217252036
msp_0708,0.49302939044122135,-0.28760047775737907
msp_0709,-0.3080671439261627,0.1797058339569282
msp_0710,-0.09113858063692863,0.05316417203820815
msp_0711c,-0.45349236997193826,0.264537215816964
msp_0712,-0.43211276200920634,0.2520657778387035
msp_0713,-0.6693621851654664,0.390461274679855
msp_0714c,0.4997711446016761,-0.291533167684311
msp_0715c,-0.22143643748417244,0.1291712551991005
msp_0716,0.5977585160059266,-0.3486924676701238
msp_0717,0.5733851126742076,-0.33447464905995444
msp_0718,-0.33627748294204013,0.1961618650495234
msp_0719,-0.33661223632929665,0.19635713785875644
msp_0720,0.4257918602055181,-0.2483785851198854
msp_0721,-0.3538355109345202,0.20640404804513687
msp_0722,-0.31014241902266243,0.18091641109655346
msp_0723,0.44942885436898894,-0.26216683171524385
msp_0724,-0.44405767611493124,0.2590336444003765
msp_0725,-0.6934668902179356,0.4045223526271291
msp_0726,-0.44689505285094855,0.26068878082971986
msp_0727,0.11430110922539953,-0.06667564704814984
msp_0728,-0.509654062783434,0.29729820329033646
msp_0729,0.7652539219272828,-0.44639812112424826
msp_0730,0.7529387685392278,-0.4392142816478828
msp_0732,-0.668905578591494,0.3901949208450381
msp_0733,0.5057444103218359,-0.29501757268773743
msp_0734,0.25677822887429796,-0.14978730017667388
msp_0735,-0.6423925416193906,0.37472898261131116
msp_0736c,-0.22951199358116586,0.1338819962556802
msp_0737,-0.9963624933099072,0.5812114544307792
msp_0738,-0.3320719847689678,0.19370865778189797
msp_0739c,0.4042168489974403,-0.23579316191517372
msp_0740,-0.7835104503840452,0.4570477627240264
msp_0741,-0.4812333692241505,0.2807194653807546
msp_0742,-0.714858411918424,0.4170007402857474
msp_0743,0.6912822766876314,-0.4032479947344516
msp_0744,0.3020773409252681,-0.17621178220640635
msp_0745,-0.5015645080022272,0.2925792963346324
msp_0746,0.8380124568514236,-0.4888405998299971
msp_0747,0.8841983752988378,-0.5157823855909887
msp_0748,-0.2576758767684352,0.15031092811492047
msp_0749,-0.501241092795411,0.29239063746398974
msp_0750,-0.7562851103954097,0.44116631439732235
msp_0751,0.6579170639332389,-0.3837849539610559
msp_0752,0.2624549347019672,-0.15309871190948077
msp_0753,-0.4562705537781509,0.2661578230372547
msp_0754c,-0.2378772784604208,0.13876174576857875
msp_0755c,0.2704643158970318,-0.15777085093993523
msp_0756,-0.36575428669232096,0.21335666723718705
msp_0757,-0.6387807818372417,0.3726221227383908
msp_0758,-0.5022512146537857,0.29297987521470825
msp_0759,-0.6739822385700845,0.3931563058325494
msp_0760,0.5137477121626158,-0.29968616542819276
msp_0761,0.6535647042784773,-0.3812460774957785
msp_0762,-0.6162486180218868,0.35947836051276744
msp_0763,0.3947674570294056,-0.2302810166004865
msp_0764,-0.3741461261348852,0.21825190691201649
msp_0765,1.0313825564292285,-0.6016398245837168
msp_0766,-0.8199882562088817,0.47832648278851425
msp_0767,-0.5026588718471195,0.2932176752441531
msp_0768,-0.8081283345873073,0.471408195175929
msp_0769,-0.3938919189234501,0.22977028603867913
msp_0770,-0.33277688103030123,0.1941198472676757
msp_0771,-0.32881453815845235,0.1918084805924305
msp_0772,-0.6099920193344761,0.35582867794511114
msp_0773,0.38259437939946367,-0.2231800546496873
msp_0774,-0.6167236010512004,0.3597554339465338
msp_0775,-0.3554205841017025,0.20732867405932634
msp_0776,0.6265336113628204,-0.36547793996164524
msp_0777,0.6723651312200184,-0.3922129932116773
msp_0778,0.9040678109115002,-0.527372889698375
msp_0779,-0.57692967465218,0.3365423102137716
msp_0780,-0.45566743991640923,0.26580600661790504
msp_0781,-0.6610774152018973,0.3856284922011069
msp_0782,-0.3619546920438573,0.2111402370255834
msp_0783,0.6642838781083188,-0.3874989288965193
msp_0784,0.44780530156702775,-0.2612197592474328
msp_0785,-0.5307371848063749,0.309596691137052
msp_0786,-0.5317874385396529,0.3102093391481307
msp_0787,0.7737984582438017,-0.45138243397555117
msp_0788,-0.3265807535679287,0.19050543958129174
msp_0789,-0.38814132551753605,0.22641577321856263
msp_0790,0.5911372800413203,-0.3448300800241035
msp_0791,-0.07670124861668867,0.04474239502640176
msp_0792,-0.03221789951963315,0.01879377471978601
msp_0793,-0.6376173478332239,0.3719434529027139
msp_0794,0.370885656410783,-0.2163499662396234
msp_0795,-0.5206975821041662,0.30374025622742995
msp_0796,0.2546165220485161,-0.14852630452830112
msp_0797,-0.4202078413656012,0.24512124079660066
msp_0798,0.7668093254133731,-0.4473054398244678
msp_0799,-0.4491872177759199,0.26202587703595337
msp_0800,-0.36424234935532274,0.21247470379060487
msp_0801,-0.27297614554544886,0.15923608490151187
msp_0802,-0.36890468926196707,0.21519440206948073
msp_0803,0.3402530640081256,-0.19848095400474
msp_0804,0.7021262468518499,-0.40957364399691243
msp_0805,0.4365935644064284,-0.25467957923708323
msp_0806,0.7539778269703767,-0.4398203990660532
msp_0807,0.6802790280810178,-0.39682943304726015
msp_0808,-0.2471769264962591,0.14418654045615112
msp_0809,0.42052411248076943,-0.24530573228044883
msp_0810,-0.4705027198393813,0.27445991990630564
msp_0811,-0.675458472292805,0.3940174421708031
msp_0812,-0.42667022285788475,0.248890963333766
msp_0813,0.3219463802561698,-0.18780205514943227
msp_0814,-0.8423553969675962,0.49137398156443096
msp_0815,-0.40752845256993403,0.237724930665795
msp_0816c,-0.3668629009525633,0.21400335888899527
msp_0817,0.7202637180764145,-0.4201538355445756
msp_0818,-0.28265595195230236,0.16488263863884292
msp_0819,0.6441758627606671,-0.37576925327705585
msp_0820,0.3347401015806671,-0.1952650592553892
msp_0821,0.09568083519850272,-0.055813820532459625
msp_0822,0.621595724868086,-0.36259750617305014
msp_0823,0.7729693692296767,-0.4508987987173114
msp_0824,-0.3201583050897187,0.186759011302336
msp_0825,0.821991111519924,-0.47949481505328917
msp_0826,-0.333823705547303,0.19473049490259342
msp_0827,-0.5788483276871889,0.33766152448419345
msp_0828,-0.7149300669198444,0.4170425390365757
msp_0829,0.35332829235461094,-0.20610817054018984
msp_0830,-0.380925495581239,0.222206539089056
msp_0831,-0.46739386211560163,0.27264641956743424
msp_0832,0.37179108491160473,-0.2168781328651028
msp_0833,-0.7900389958910499,0.4608560809364454
msp_0834,0.36539943678489706,-0.21314967145785665
msp_0835,0.24618828569596266,-0.14360983332264518
msp_0836,-0.4189462043814719,0.24438528588919214
msp_0837,0.6462530291249394,-0.37698093365621466
msp_0838,0.7091781972943266,-0.4136872817550239
msp_0839,-0.06446481324080644,0.03760447439047034
msp_0840,-0.6036176932299738,0.3521103210508181
msp_0841,0.6162014898777842,-0.359450869095374
msp_0842,-0.8850979354546684,0.5163071290152231
msp_0843,0.716901953384074,-0.4181928061407099
msp_0844c,-0.2528198304984027,0.14747823445740157
msp_0845,-0.737624042711557,0.4302806915817418
msp_0846,-0.32858279831975096,0.19167329901985466
msp_0847,-0.7411047428066458,0.43231109997054334
msp_0848,-0.4073740172012615,0.23763484336740245
msp_0849,-0.23951652946428087,0.13971797552083043
msp_0850,0.7146107621022466,-0.416856277892977
msp_0851,-0.8808999728692969,0.51385831750709
msp_0852,-0.7768330513346487,0.4531526132785452
msp_0853c,-0.4441701894204351,0.2590992771619202
msp_0854,0.6611486757474628,-0.3856700608526868
msp_0855,-0.685137823801922,0.39966373055112087
msp_0856,0.25936493723207454,-0.15129621338537672
msp_0857,-0.4017959055977666,0.23438094493203046
msp_0858,0.6380020826349809,-0.37216788153707236
msp_0859,-0.5123027976772442,0.29884329864505926
msp_0860,-0.2840340872258678,0.16568655088175635
msp_0861,-0.6570475250901513,0.3832777229692546
msp_0862,-0.33564169484743,0.19579098866100086
msp_0863,0.15522124166445522,-0.0905457243042654
msp_0864,-0.19451372880525677,0.1134663418030663
msp_0865,-0.0590140974165536,0.034424890159656496
msp_0866c,0.4430469845586508,-0.2584440743258795
msp_0867,0.6126437240799955,-0.3573755057133306
msp_0868,-0.3607277235109913,0.21042450538141158
msp_0869,-0.6004250895818923,0.3502479689227705
msp_0870,-0.287312789029674,0.16759912693397638
msp_0871,-0.6768773023378428,0.3948450930304084
msp_0872,-0.6181331483361973,0.360577669862782
msp_0873,-0.32647765998849393,0.19044530165995477
msp_0874,0.711340124911332,-0.4149484061982775
msp_0875,-0.37148582190734303,0.21670006277928333
msp_0876,0.6677955480437768,-0.38954740302553637
msp_0877,-0.899137957985749,0.5244971421583536
msp_0878,-0.49671687415577165,0.28975150992420035
msp_0879,0.6031630873866421,-0.3518451343088747
msp_0880,-0.3893163263293578,0.22710119035879206
msp_0881,-0.09654348766863244,0.05631703447336913
msp_0882c,0.3618229832459218,-0.2110634068934546
msp_0883,-0.9351492358269401,0.5455037208990483
msp_0884,-0.5091971593659589,0.2970316762968093
msp_0885,0.2893211508575015,-0.16877067133354232
msp_0886,0.027211632108536686,-0.015873452063312986
msp_0887,-0.6968790517195931,0.4065127801697624
msp_0888,-0.10593357505814573,0.06179458545058512
msp_0889,-0.3485039021008157,0.2032939428921425
msp_0890c,-0.5479318552292447,0.31962691555039274
msp_0891,0.5293178358711893,-0.30876873759152706
msp_0892,-0.23559041748332538,0.13742774353193973
msp_0893,0.7720844111760462,-0.4503825731860269
msp_0894,0.356815747208571,-0.20814251920499968
msp_0895,0.17242865212447636,-0.10058338040594454
msp_0896,-0.6229192150157411,0.3633695420925156
msp_0897,0.7838062002972646,-0.45722028350673777
msp_0898,-0.35790272709733706,0.2087765908067797
msp_0899,0.7097340113589106,-0.4140115066260312
msp_0900,0.6749633138435388,-0.39372859974206414
msp_0901,-0.5105055539572364,0.29779490647505447
msp_0902,0.8970007213156322,-0.5232504207674522
msp_0903,0.4885922630445143,-0.28501215344263336
msp_0904,0.6551394026422832,-0.38216465154133195
msp_0905c,0.6308882038774252,-0.36801811892849806
msp_0906,-0.045316539385027096,0.026434647974598758
msp_0907,-0.10843057498973555,0.06325116874401245
msp_0908,-1.0565159133172561,0.616300949435066
msp_0909,0.17611288644446696,-0.10273251709260571
msp_0910,0.0829079621168881,-0.04836297790151801
msp_0911,0.3046105560340343,-0.17768949101985335
msp_0912,-0.4523877007347127,0.2638928254285824
msp_0913,0.8255624269685137,-0.48157808239829974
msp_0914,-0.5814810045465458,0.3391972526521519
msp_0915c,-0.3819738717878241,0.22281809187623078
msp_0916,-0.6104051674261906,0.3560696809986113
msp_0917,0.5148717377196801,-0.3003418470031465
msp_0918,-0.24616573495352756,0.14359667872289125
msp_0919,-0.3887750534554844,0.22678544784903273
msp_0920,0.5297335248899003,-0.3090112228524418
msp_0921,-0.4523031067823214,0.2638434789563541
msp_0922,0.6260887171497064,-0.36521841833732877
msp_0923,0.3883116064038012,-0.22651510373555062
msp_0924,0.13642183434716584,-0.07957940336918014
msp_0925,-0.6278946611989976,0.36627188569941516
msp_0926,-0.35810341676194823,0.20889365977780316
msp_0927,-0.6614124625371758,0.3858239364800191
msp_0928,0.9825544364053422,-0.5731567545697828
msp_0929,-0.5288800876415879,0.3085133844575931
msp_0930,0.08169513650164635,-0.04765549629262705
msp_0931,-0.17345439680006022,0.10118173146670162
msp_0932,0.7707230981997079,-0.4495884739498297
msp_0933,-0.6269269797709877,0.36570740486640946
msp_0934,-0.4070620604924127,0.2374528686205741
msp_0935,-0.15276487821524704,0.08911284562556077
msp_0936c,-0.2294157338705618,0.13382584475782763
msp_0937,-0.4979724340050354,0.2904839198362708
msp_0938,-0.07181164647079354,0.04189012710796298
msp_0939,-0.5012007887368088,0.2923671267631384
msp_0940,-0.33047206685924885,0.19277537233456202
msp_0941,0.4359585082989411,-0.2543091298410489
msp_0942,0.24561979531960015,-0.14327821393643325
msp_0943,0.5719153042143214,-0.33361726079168735
msp_0944,-0.5824223424909895,0.3397463664530771
msp_0945,0.3408078916017669,-0.19880460343436399
msp_0946,-0.3684413632411207,0.21492412855732038
msp_0947,-0.43326674386978453,0.25273893392404095
msp_0948,0.9061945660883518,-0.528613496884872
msp_0949,-0.8232950690661135,0.48025545695523286
msp_0950c,-0.5330942203959943,0.3109716285643297
msp_0951,-0.46843731910477754,0.2732551028111203
msp_0952,-0.4717168064337355,0.2751681370863458
msp_0953,0.8994893235860337,-0.5247021054251864
msp_0954,-0.24543156843529643,0.14316841492058963
msp_0955,-0.22827031088353192,0.1331576813487271
msp_0956,-0.22941573387056177,0.13382584475782777
msp_0957,0.45418421989463226,-0.26494079493853545
msp_0958,-0.296358529922034,0.17287580912118639
msp_0959,0.9078886596866524,-0.5296017181505467
msp_0960,-0.5970041824672416,0.34825243977255765
msp_0961,-0.3296981961861062,0.19232394777522868
msp_0962,0.1792006004084299,-0.10453368357158414
msp_0963c,-0.24734498319284695,0.1442845735291608
msp_0964,-0.3497874385756699,0.20404267250247388
msp_0965,0.681679268824645,-0.39764624014770966
msp_0966,-0.10339189469388785,0.06031193857143469
msp_0967,-0.5343121756647428,0.3116821024710999
msp_0968c,0.36587808593008236,-0.2134288834592146
msp_0969,-0.4083216826051229,0.23818764818632157
msp_0970,0.25727385272584374,-0.1500764140900757
msp_0971,-0.32175099856166806,0.18768808249430638
msp_0972,0.7234257663089899,-0.421998363680244
msp_0973,-0.49443873239522595,0.28842259389721514
msp_0974c,-0.7240174350011273,0.4223435037506576
msp_0975,0.3845440025517254,-0.2243173348218397
msp_0976,0.6897275114111754,-0.4023410483231858
msp_0977,-0.9083415413561929,0.5298658991244459
msp_0978,-0.6494680698042573,0.37885637405248346
msp_0979,0.5948849400605607,-0.3470162150353271
msp_0980,1.0611075564800523,-0.6189794079466969
msp_0981,0.23405888514116358,-0.1365343496656786
msp_0982,-0.504814019605291,0.294474844769753
msp_0983,0.2857840838664681,-0.1667073822554399
msp_0984,-0.3765913446178929,0.21967828436043768
msp_0985,0.43989112691569954,-0.25660315736749134
msp_0986,-0.4562543111857717,0.2661483481917001
msp_0987,0.3726165674866734,-0.21735966436722598
msp_0988,0.5635931711533864,-0.32876268317280866
msp_0989,0.8157318981465275,-0.475843607252141
msp_0990,-0.5039486571737177,0.29397005001800186
msp_0991,0.6653675709350843,-0.38813108304546584
msp_0992,-0.4007250319661199,0.23375626864690316
msp_0993,0.4763137914942078,-0.2778497117049545
msp_0994,0.4041362932587114,-0.2357461710675817
msp_0995,0.9187456390323454,-0.5359349561022017
msp_0996,0.6283078784658372,-0.36651292910507144
msp_0997,0.33505420606175323,-0.19544828686935614
msp_0998,-0.41385780401904654,0.24141705234444377
msp_0999,-0.309852593507184,0.18074734621252406
msp_1000,-0.42938686577991103,0.25047567170494817
msp_1001,-0.6591904327922663,0.3845277524621551
msp_1002,-0.5489942743564632,0.32024666004127006
msp_1003,0.8159530198857794,-0.47597259493337135
msp_1004,-0.4493385095766946,0.26211413058640526
msp_1005,-0.27315870596464087,0.15934257847937364
msp_1006,-0.2428569655433505,0.141666563233621
msp_1007,0.7258154191728037,-0.4233923278508022
msp_1008,-0.5518498902588163,0.32191243598430935
msp_1009,0.6262068779424667,-0.3652873454664391
msp_1010,0.1435313745015625,-0.08372663512591143
msp_1011,-0.1722656883743697,0.10048831821838229
msp_1012,-0.7406933097330063,0.4320710973442536
msp_1013,-0.6852983823788924,0.39975738972102054
msp_1014,0.5293007283080053,-0.30875875817966975
msp_1016,0.553966139470846,-0.323146914691327
msp_1017,-0.6271221085193222,0.36582122996960464
msp_1018,0.21974324930955197,-0.12818356209723858
msp_1019,-0.671012588420056,0.39142400991169946
msp_1020,0.1768188015103925,-0.10314430088106218
msp_1021,0.4631712389725754,-0.2701832227340027
msp_1022,0.753021665583295,-0.4392626382569222
msp_1023,-0.32306916741681974,0.18845701432647813
msp_1024,-0.382438992591751,0.22308941234518823
msp_1025,0.6497102301975592,-0.3789976342819095
msp_1026,-0.3451552781671046,0.20134057893081106
msp_1027,-0.35811449703873416,0.20890012327259497
msp_1028c,-0.4202842484487514,0.24516581159510498
msp_1029,0.7326458581046639,-0.42737675056105423
msp_1030,-0.35324339575645436,0.20605864752459846
msp_1031,0.7644887104348381,-0.44595174775365565
msp_1032,0.5734805048095095,-0.3345302944722137
msp_1033,-0.7331541027830333,0.42767322662343604
msp_1034,-0.6026051609041347,0.3515196771940785
msp_1035,0.4481045638947691,-0.2613943289386153
msp_1036,-0.11912536022680305,0.0694897934656351
msp_1037,-0.542514257900413,0.3164666504419078
msp_1038,-0.313451168075581,0.1828465147107555
msp_1039,-0.6030627650686892,0.35178661295673525
msp_1040c,-0.3032035560905322,0.17686874105281034
msp_1041,-0.5159498510747842,0.30097074646029087
msp_1042,0.30782085572106804,-0.17956216583728968
msp_1043,0.3642556561852032,-0.21248246610803487
msp_1044,-0.15691216243547693,0.09153209475402829
msp_1045,-0.39793968192000856,0.232131481120005
msp_1046,-0.047384217112847314,0.02764079331582764
msp_1047,0.1539415763008601,-0.08979925284216868
msp_1048,-0.5828290202675136,0.33998359515604953
msp_1049,-0.042040402977111375,0.024523568403315026
msp_1050,0.2783035322156501,-0.16234372712579578
msp_1051,-0.026322802290115514,0.015354968002567382
msp_1052,-0.3587060201276499,0.20924517840779577
msp_1053,-0.711193224421952,0.4148627142461388
msp_1054,0.18280411400648547,-0.10663573317044994
msp_1055,0.7351913966116088,-0.42886164802343846
msp_1056,0.5329666123455267,-0.31089719053489057
msp_1057c,-0.41229620714744525,0.24050612083600972
msp_1058c,-0.5344783064817743,0.31177901211436837
msp_1059c,-0.14429150117224626,0.08417004235047693
msp_1060c,-0.9376968049306266,0.5469898028761987
msp_1061c,0.8702652665702131,-0.5076547388326245
msp_1062,1.0035200432120628,-0.585386691873703
msp_1063c,0.14866288021824386,-0.08672001346064223
msp_1064,-0.48957202680795453,0.2855836823046402
msp_1065,-0.4339328109123604,0.2531274730322104
msp_1066,-0.1276298116999505,0.07445072349163794
msp_1067,-0.465398589890754,0.27148251076960633
msp_1068,0.010783984250735497,-0.0062906574795957015
msp_1069,-0.33360229286278004,0.19460133750328845
msp_1070,-0.46317846347921915,0.27018743702954445
msp_1071,0.3515992361315866,-0.20509955441009217
msp_1072,-0.47413728797098015,0.2765800846497384
msp_1073,-0.2899967091363855,0.16916474699622483
msp_1074,0.6425530619586786,-0.37482261947589596
msp_1075,0.7731806234729717,-0.45102203035923344
msp_1076,-0.2841355422580882,0.16574573298388487
msp_1077,0.37555344949269204,-0.21907284553740372
msp_1078,-0.8209464777565992,0.478885445358016
msp_1079,0.8948939967324628,-0.5220214980939366
msp_1081,-0.29706310056220014,0.17328680866128332
msp_1082,0.9249479697790103,-0.5395529823710891
msp_1083,-0.06540703267208424,0.03815410239204923
msp_1084,-0.6008699229999597,0.3505074550833099
msp_1085,-0.48396079767809547,0.2823104653122224
msp_1086,0.7397920025126655,-0.431545334799055
msp_1087,-0.40448431643685995,0.23594918458816846
msp_1088,-0.15077258913052322,0.08795067699280516
msp_1089,-0.7224375345526732,0.42142189515572603
msp_1090,-0.9746127697151962,0.5685241156671977
msp_1091,-0.28077394389693283,0.16378480060654402
msp_1092,0.2786920848399754,-0.162570382823319
msp_1093,-0.7339143765911251,0.4281167196781561
msp_1094,-0.07162592578506469,0.041781790041287736
msp_1095,0.6395952996241946,-0.3730972581141135
msp_1096,0.5018220131944752,-0.292729507696777
msp_1097,-0.4855449984175645,0.28323458241024585
msp_1098,0.7770410257689432,-0.4532739316985503
msp_1099c,0.3932841152066775,-0.22941573387056172
msp_1100,0.24496740635890246,-0.14289765370935978
msp_1101,-0.5606499243328561,0.3270457891941658
msp_1102,-0.20145167786815524,0.11751347875642383
msp_1103,-0.4282805384894415,0.24983031411884093
msp_1104,0.5960634166784365,-0.34770365972908807
msp_1105,0.7700265454398856,-0.44918215150659985
msp_1106,-0.24534991662328037,0.1431207846969135
msp_1107,0.4139518313693157,-0.24147190163210086
msp_1108,-0.5008519857079698,0.292163658329649
msp_1109,0.17260724488655185,-0.1006875595171553
msp_1110,0.4917376984383642,-0.28684699075571246
msp_1111,0.4443020023543817,-0.2591761680400561
msp_1112,0.6906652267817461,-0.40288804895601843
msp_1113c,-0.4771508926448757,0.278338020709511
msp_1114,0.24728779752920044,-0.14425121522536727
msp_1115,0.9116424415752175,-0.53179142425221
msp_1116,-0.4391623279519142,0.25617802463861683
msp_1117,0.5318739170742223,-0.310259784959963
msp_1118,-0.4729790041914385,0.27590441911167246
msp_1120,0.5718642328474511,-0.33358746916101323
msp_1121,-0.42991484845250716,0.25078366159729587
msp_1122,0.5900404946435849,-0.34419028854209105
msp_1123,-0.5317937828409219,0.31021303999053773
msp_1124,0.573509175750318,-0.3345470191876854
msp_1125,-0.14624387308433429,0.08530892596586155
msp_1126,0.06733158869684366,-0.03927676007315872
msp_1127,-0.42669785406315486,0.24890708153684038
msp_1128,0.6095235978522869,-0.35555543208050056
msp_1129,-0.15843556066718906,0.09242074372252689
msp_1130,0.37421795941417807,-0.2182938096582704
msp_1131,-0.3217391602461693,0.18768117681026542
msp_1132,-0.6686086694313731,0.39002172383496747
msp_1133,-0.46043109905997864,0.2685848077849876
msp_1134,-0.4566034991328847,0.2663520411608495
msp_1135,-0.38960378485240577,0.2272688744972368
msp_1136,0.3957733515856835,-0.23086778842498204
msp_1137,-0.5141405044156118,0.29991529424244034
msp_1138,0.3637684528849103,-0.21219826418286444
msp_1139,0.005268608501983264,-0.00307335495949008
msp_1140,0.36068450968186244,-0.21039929731441975
msp_1141,0.3336741674636495,-0.19464326435379553
msp_1142,0.5341996702534522,-0.3116164743145137
msp_1143,-0.3229643646832244,0.18839587939854785
msp_1144c,-0.23447640882766588,0.13677790514947183
msp_1145,-0.4887042740665527,0.2850774932054889
msp_1146,-0.38786324160119795,0.2262535576006988
msp_1147,0.7329071076562014,-0.42752914613278414
msp_1148,-0.22941573387056177,0.1338258447578278
msp_1149,-0.4468212531900294,0.26064573102751715
msp_1150,-0.3697170193314628,0.2156682612766865
msp_1151,-0.3396562830358934,0.19813283177093768
msp_1152,-0.35591787061562513,0.20761875785911468
msp_1153,-0.4528489496867901,0.26416188731729423
msp_1154,0.7280067325174945,-0.4246705939685383
msp_1155,0.345592617806704,-0.2015956937205773
msp_1156,-0.12887353015927483,0.07517622592624383
msp_1157,0.41507586096737914,-0.24212758556430428
msp_1158,-0.3316763294786007,0.19347785886251703
msp_1159,-0.5096908251177619,0.297319647985361
msp_1160,-0.0793107019465038,0.04626457613546065
msp_1161,-0.4090158626550361,0.2385925865487711
msp_1162,0.13061089385302965,-0.07618968808093365
msp_1163,0.33627282192535163,-0.19615914612312188
msp_1164,0.4401554282960466,-0.2567573331726939
msp_1165,-0.31308184096864183,0.1826310738983745
msp_1166,0.9280496709224385,-0.541362308038089
msp_1167,-0.3938601172053759,0.22975173503646926
msp_1168,-0.5153375484358413,0.30061356992090743
msp_1169c,0.4839197888592278,-0.2822865435012163
msp_1170,0.43502264071311497,-0.2537632070826504
msp_1171,-0.6168043843094427,0.3598025575138413
msp_1172,-0.5918547938992863,0.3452486297745836
msp_1173c,-0.9690550858311031,0.5652821334014774
msp_1174,-0.394164208438685,0.22992912158923293
msp_1175,0.39616856833231806,-0.2310983315271853
msp_1176,0.17235488879863167,-0.10054035179920202
msp_1177,-0.774817255540314,0.45197673239851627
msp_1178,-0.3940960501507083,0.22988936258791315
msp_1179,0.3060331237986374,-0.17851932221587172
msp_1180,0.45125707736983006,-0.26323329513240096
msp_1181,-0.4856493847294052,0.2832954744254864
msp_1182,-0.37630431883280835,0.2195108526524715
msp_1183,-0.49533576454242356,0.28894586264974714
msp_1184,-0.36200126666429044,0.21116740555416924
msp_1185,-0.49105388650285814,0.2864481004600005
msp_1186,-0.37983411882963736,0.22156990265062182
msp_1187,-0.7005945337871775,0.4086801447091865
msp_1188,-0.5914029343568099,0.3449850450414724
msp_1189,0.07848545349024715,-0.04578318120264396
msp_1190c,0.40178684925739677,-0.23437566206681484
msp_1191c,-0.338773371755359,0.19761780019062594
msp_1192,0.18926116042212987,-0.11040234357957572
msp_1193,-0.45905683327506547,0.2677831527437884
msp_1194,-0.651514162611104,0.3800499281898107
msp_1195,-0.28122334019106826,0.16404694844479004
msp_1196,-0.25484953172668934,0.14866222684056876
msp_1197,0.37591840115312747,-0.21928573400599083
msp_1198,-0.1040926714521125,0.060720725013732206
msp_1199,0.40475551761110407,-0.23610738527314398
msp_1200,-0.606500534508922,0.35379197846353794
msp_1201,-0.4617095132520427,0.2693305493970247
msp_1202,-0.3922240846754255,0.22879738272733155
msp_1203,-0.5872121715616753,0.3425404334109772
msp_1204,0.22449785635218641,-0.13095708287210872
msp_1205,0.6052988953247285,-0.3530910222727582
msp_1206,-0.32059904554675533,0.18701610990227413
msp_1207,-0.25613478867089695,0.14941196005802315
msp_1208,-0.22941573387056177,0.13382584475782786
msp_1209,-0.40305077062267675,0.2351129495298947
msp_1210,0.558893005629917,-0.3260209199507849
msp_1211,0.3980001606810252,-0.23216676039726467
msp_1212,-0.3295844135893216,0.1922575745937709
msp_1213,-0.6599091593845637,0.38494700964099554
msp_1214,0.6086189536484176,-0.35502772296157703
msp_1215,-0.27752937703337227,0.1618921366028004
msp_1216,0.5009389314321395,-0.2922143766687481
msp_1217,-0.496305993515296,0.28951182955058935
msp_1218,0.8196845206275231,-0.4781493036993885
msp_1219,-0.3692688010630638,0.21540680062012044
msp_1220,-0.3410015622383287,0.19891757797235854
msp_1221,-0.4638780634645174,0.2705955370209685
msp_1222,-0.2727405823713164,0.15909867304993466
msp_1223c,-0.3965010335836728,0.2312922695904759
msp_1225,-0.22546865428527021,0.1315233816664077
msp_1226,0.8348599040088809,-0.4870016106718471
msp_1227c,0.6062286586997043,-0.3536333842414941
msp_1228,0.2997179698682601,-0.17483548242315172
msp_1229,-0.4435678103582043,0.25874788937561916
msp_1230,0.03619459156621569,-0.021113511746958937
msp_1231,0.44310388348226015,-0.25847726536465165
msp_1232,0.39678952983770105,-0.2314605590719924
msp_1233,-0.4774687518449676,0.27852343857623113
msp_1234,-0.2685497756630776,0.15665403580346185
msp_1235,-0.49126688139724717,0.2865723474817277
msp_1236,0.128892854498536,-0.07518749845747943
msp_1237,-0.4739256627495733,0.27645663660391767
msp_1238,-0.4558286071008008,0.26590002080880065
msp_1239,-0.6733770957405019,0.3928033058486262
msp_1240,0.5839613427684781,-0.3406441166149455
msp_1241,0.32661906517881595,-0.190527788020976
msp_1242,0.2773184200770262,-0.16176907837826537
msp_1243,0.670162769698519,-0.3909282823241362
msp_1244,0.28765979758073495,-0.1678015485887622
msp_1245,-0.2006338144469588,0.11703639176072594
msp_1246,0.7534062096792447,-0.4394869556462259
msp_1247,0.5461805938149003,-0.31860534639202515
msp_1248,-0.5663607011128915,0.3303770756491868
msp_1249,-0.5403369636752647,0.3151965621439044
msp_1250,-0.5340188660686142,0.31151100520669145
msp_1251,-0.19894990363209647,0.11605411045205632
msp_1252,0.44592467723348567,-0.26012272838619993
msp_1253,0.3848492084273471,-0.22449537158261904
msp_1254,-0.3504190740501902,0.20441112652927765
msp_1255,0.7039498337883904,-0.41063740304322766
msp_1256,0.740114804871218,-0.43173363617487687
msp_1257,-0.001864660428158487,0.00108771858309246
msp_1258,0.09582210188649629,-0.05589622610045635
msp_1259c,-0.4986642965507232,0.29088750632125515
msp_1260,-0.092793911036262,0.05412978143781933
msp_1261,0.17951252502603296,-0.10471563959851922
msp_1262,-0.11185630569852568,0.06524951165747338
msp_1263c,0.9658804188763597,-0.5634302443445431
msp_1264c,-0.7780841139580847,0.45388239980888284
msp_1265,-0.4064700230819503,0.23710751346447104
msp_1266,0.7390256677268663,-0.4310983061740054
msp_1267,0.9205907424674391,-0.5370112664393396
msp_1268,-0.16610296020121026,0.09689339345070587
msp_1269,-0.321338382898244,0.18744739002397573
msp_1270,-0.10025218282773637,0.05848043998284607
msp_1271,0.5604602656815403,-0.3269351549808986
msp_1272,0.09336333551999232,-0.054461945719995575
msp_1273,0.6453356354324097,-0.37644578733557227
msp_1274,0.8013682855304661,-0.4674648332261053
msp_1275,0.365336323168882,-0.21311285518184783
msp_1276,-0.5533484811830742,0.3227866140234601
msp_1277,-0.13519104538870574,0.07886144314341183
msp_1278,-0.3268823390408296,0.19068136444048392
msp_1279,-0.9481833413877897,0.5531069491428772
msp_1280,0.13686507854883517,-0.07983796248682053
msp_1281,1.0512450215765874,-0.6132262625863425
msp_1282,-0.6436531859997334,0.3754643584998442
msp_1283,0.3461741635857672,-0.2019349287583642
msp_1284,-0.23275093985521483,0.13577138158220856
msp_1285,0.712937967489947,-0.4158804810358024
msp_1286,-0.3624343101096362,0.2114200142306211
msp_1287,-0.25459844403129034,0.14851575901825279
msp_1288,0.3443525866473273,-0.20087234221094105
msp_1290,-0.1538318506859593,0.08973524623347617
msp_1291,-0.0313257828888406,0.018273373351823562
msp_1292,-0.3685316482350878,0.2149767948038012
msp_1293,0.5844992950419673,-0.3409579221078143
msp_1294,-0.33194921207034306,0.1936370403743668
msp_1295,-0.39566418997529335,0.23080411081892124
msp_1296c,-0.6771376581137102,0.39499696723299765
msp_1297,-0.43320311434334563,0.25270181670028496
msp_1298,-0.015914862033198585,0.00928366951936579
msp_1299,-0.5497929320080418,0.32071254367135754
msp_1300c,-0.7673961884914424,0.44764777662000776
msp_1301,-0.4825959085182046,0.28151427996895273
msp_1302,0.633211115330577,-0.36937315060950376
msp_1303,0.4682409223155307,-0.27314053801739285
msp_1304,-0.5683622225216823,0.3315446298043145
msp_1305,-0.6776444978878918,0.3952926237679371
msp_1306c,0.40271715021531984,-0.2349183376256032
msp_1307,-0.5894328756653123,0.34383584413809865
msp_1308,0.18579445486234875,-0.10838009866970362
msp_1309,-0.6693904928034814,0.39047778746869716
msp_1310,-0.5833229537681904,0.34027172303144443
msp_1311,0.40266496014591624,-0.23488789341845098
msp_1312,-0.8906619073408634,0.5195527792821703
msp_1313,0.36360379960743827,-0.21210221643767227
msp_1314,0.1780180525535793,-0.1038438639895879
msp_1315,-0.7906613657640088,0.46121913002900533
msp_1316,-0.45688558246515176,0.2665165897713385
msp_1317,-0.19340174819476944,0.11281768644694878
msp_1318,0.6286731605261179,-0.3667260103069021
msp_1319,-0.28349383940036876,0.16537140631688174
msp_1320c,-0.37101782800741395,0.2164270663376582
msp_1321c,-0.21617186522313644,0.1261002547134962
msp_1322,0.09806890574202706,-0.0572068616828492
msp_1323,0.5001810973563117,-0.2917723067911819
msp_1324,0.42104870708644804,-0.24561174580042797
msp_1325,-0.47088926017715876,0.2746854017700091
msp_1326,0.47675188619293923,-0.2781052669458812
msp_1327,-0.4666343495043423,0.2722033705441998
msp_1328,0.38328304828772125,-0.2235817781678371
msp_1329,0.09776100822548298,-0.05702725479819858
msp_1330,-0.40361326847248075,0.2354410732756138
msp_1331,-0.2791902889878567,0.16286100190958305
msp_1332,-0.6205231286159015,0.36197182502594233
msp_1333,0.3512592550460874,-0.2049012321102176
msp_1334,0.08994536246327055,-0.05246812810357443
msp_1335,-0.5390588522600673,0.3144509971517058
msp_1336,-0.5624994387866661,0.3281246726255553
msp_1337c,-0.666043234923332,0.38852522037194365
msp_1338,-0.008251026156580672,0.004813098591338901
msp_1339,-0.5353091957596151,0.31226369752644223
msp_1340,-0.0059663057501431515,0.0034803450209167177
msp_1341,0.625800642955129,-0.3650503750571587
msp_1342,0.9426534571127302,-0.5498811833157592
msp_1343,0.04306653354341926,-0.025122144566994537
msp_1344c,-0.12205533643548838,0.07119894625403483
msp_1345c,0.0949201710176042,-0.05537009976026919
msp_1346c,0.4195170077513595,-0.24471825452162632
msp_1347c,0.48066345216884143,-0.28038701376515723
msp_1348,0.22189001169496386,-0.12943584015539558
msp_1349,-0.8672018139899015,0.5058677248274425
msp_1350,-0.3170681374684901,0.18495641352328587
msp_1351,-0.174215227631598,0.10162554945176565
msp_1352,0.42170248354053036,-0.24599311539864266
msp_1353,0.5741038156782327,-0.3348938924789691
msp_1354,0.7468282231197029,-0.4356497968198265
msp_1355,0.5990115783235088,-0.3494234206887134
msp_1356,-0.9206653616885149,0.5370547943183003
msp_1357,-0.5458335316787113,0.31840289347924805
msp_1358,-0.5114134597712503,0.29832451819989586
msp_1359,0.6183392698579634,-0.36069790741714525
msp_1360,-0.3447908448794789,0.20112799284636274
msp_1361,-0.23847548281398973,0.1391106983081605
msp_1362,-0.5937064294135043,0.34632875049121087
msp_1363,-0.4892805056153522,0.2854136282756222
msp_1364,0.07826036912594501,-0.045651881990134535
msp_1365,0.12854989426091204,-0.07498743831886538
msp_1366,0.3912563428819485,-0.22823286668113665
msp_1367,-0.34107013049367413,0.19895757612130996
msp_1368,0.16037180158505096,-0.09355021759127997
msp_1369,0.4738972845801531,-0.27644008267175596
msp_1370,-0.26389620738088343,0.15393945430551534
msp_1371,-0.3490272704045373,0.20359924106931346
msp_1372,-0.5198965369922339,0.30327297991213636
msp_1373,0.2983553550883694,-0.1740406238015486
msp_1374,-0.40542112724896556,0.23649565756189653
msp_1375,-0.3265249881441634,0.19047290975076195
msp_1376,0.4260444371264196,-0.24852592165707796
msp_1377,-0.2680655665114289,0.1563715804650002
msp_1378,-0.5576524041878674,0.32529723577625613
msp_1379,0.6436353077414052,-0.3754539295158195
msp_1380,0.6307325938108642,-0.3679273463896706
msp_1381,-0.8616051680140024,0.5026030146748348
msp_1382,-0.5085017177867822,0.2966260020422898
msp_1383c,-0.362173407975189,0.21126782131886016
msp_1384,-0.5817879353602509,0.33937629562681293
msp_1385,-0.12074344315971093,0.07043367517649772
msp_1386,0.6874241984193639,-0.40099744907796236
msp_1387,-0.30897169189751683,0.18023348694021812
msp_1388,0.5363380690712541,-0.31286387362489854
msp_1389,0.21405317328000487,-0.12486435108000293
msp_1390,-0.29933715083051143,0.17461333798446496
msp_1391,0.2550370430382619,-0.14877160843898612
msp_1392,-0.26064310593662515,0.15204181179636453
msp_1393,-0.1998977012763481,0.11660699241120302
msp_1394,0.14720281507202368,-0.0858683087920139
msp_1395,0.37005008547504287,-0.21586254986044162
msp_1396c,0.400272991245408,-0.23349257822648806
msp_1397c,-0.811520519694409,0.4733869698217385
msp_1398,0.2691100380420667,-0.15698085552453897
msp_1399,-0.6061398171819764,0.3535815600228194
msp_1400,-0.6817120102609826,0.39766533931890663
msp_1401c,0.5843121495205216,-0.3408487538869707
msp_1402,-0.7902036876968034,0.4609521511564683
msp_1403,-0.37406324943897445,0.21820356217273487
msp_1404,0.0386626777276698,-0.022553228674474114
msp_1405,-0.44858594197414847,0.2616751328182532
msp_1406,-0.37047314858138675,0.21610933667247556
msp_1407,-0.6653179394412655,0.38810213134073807
msp_1408,0.5370129211368164,-0.3132575373298096
msp_1409,-0.4408381170859003,0.2571555683001087
msp_1410,-0.6815468093460061,0.3975689721185036
msp_1412,0.33542705569996095,-0.1956657824916438
msp_1413,-0.5227966128695811,0.304964690840589
msp_1414,0.4794364467842325,-0.2796712606241357
msp_1415,0.12325676989864805,-0.07189978244087807
msp_1416,0.08987558265909128,-0.05242742321780316
msp_1417,0.3917219766385993,-0.22850448637251616
msp_1418c,-0.5035910282490815,0.29376143314529785
msp_1419,0.2505911152373776,-0.14617815055513694
msp_1420,-0.44493861179864996,0.25954752354921246
msp_1421,0.5410482368577175,-0.31561147150033525
msp_1422,0.46230714073758294,-0.26967916543025683
msp_1423,-0.4795981607534562,0.2797655937728496
msp_1424,0.5051460155322848,-0.2946685090604995
msp_1425,0.7938126608471565,-0.4630573854941746
msp_1426,0.46538246046228643,-0.27147310193633384
msp_1427,-0.3823425819739534,0.22303317281813947
msp_1428,0.4455576537757379,-0.2599086313691806
msp_1429,0.3583100548006905,-0.20901419863373596
msp_1430,-0.12796879199849281,0.07464846199912074
msp_1431,0.44779331251167026,-0.2612127656318077
msp_1432,-0.23665550373610178,0.1380490438460593
msp_1433,-0.3295471257863462,0.19223582337536863
msp_1434,-0.3842520399339983,0.2241470232948323
msp_1435,-0.7557364547422322,0.44084626526630233
msp_1436,-0.6501727432926027,0.3792674335873514
msp_1437,-0.6873516075010719,0.4009551043756254
msp_1438,0.42827799550046236,-0.24982883070860298
msp_1439,-0.36469098828946234,0.21273640983551978
msp_1440,-0.3198606949831766,0.18658540540685306
msp_1441c,0.5659344657316712,-0.3301284383434749
msp_1442,-0.09296117534427228,0.05422735228415884
msp_1443,-0.5916432398503441,0.34512522324603406
msp_1444,-0.5555348525568495,0.32406199732482893
msp_1446,0.026569389219116873,-0.015498810377818403
msp_1447,-0.3723792167993954,0.21722120979964743
msp_1448,0.6324309386727602,-0.36891804755911023
msp_1449,0.35044171352765285,-0.20442433289113082
msp_1450,-0.5476742493378036,0.3194766454470521
msp_1451,0.5877093256358192,-0.34283043995422785
msp_1452,0.47008607380080303,-0.2742168763838018
msp_1453,-0.5411426764184559,0.31566656124409964
msp_1454,-0.3757093397618919,0.21916378152777036
msp_1455,0.35958082983853057,-0.20975548407247604
msp_1456c,-0.0787113064772296,0.04591492877838398
msp_1457,-0.44414778611267847,0.25908620856572934
msp_1458,0.3804963468181155,-0.22195620231056745
msp_1459,0.5406368950812179,-0.3153715221307103
msp_1460,0.3092873324846785,-0.18041761061606232
msp_1461,-0.7535514282753838,0.4395716664939739
msp_1462,-0.3158211640771778,0.18422901237835373
msp_1463,-0.2960026488833645,0.17266821184862943
msp_1464,0.48032443834740013,-0.28018925570265013
msp_1465,0.8819005906650623,-0.514442011221286
msp_1466,-0.49090596942792014,0.28636181549962025
msp_1467,-0.33206017941000937,0.1937017713225054
msp_1468,0.552077795195151,-0.3220453805305047
msp_1469,0.8720109868851863,-0.5086730756830252
msp_1471c,0.6056693911009141,-0.35330714480886655
msp_1472c,-0.37770422880575344,0.22032746680335602
msp_1473c,-0.3008395750999096,0.17548975214161397
msp_1474,0.47459909461330124,-0.27684947185775904
msp_1475,-0.33436635019062283,0.19504703761119682
msp_1476,0.2576224037346018,-0.15027973551185098
msp_1477,-0.6625424224561163,0.38648307976606766
msp_1478,-0.5704438264426223,0.33275889875819625
msp_1479,-0.665978901473796,0.38848769252638093
msp_1481,-0.2414835985613579,0.14086543249412548
msp_1482,-0.416953005842004,0.24322258674116895
msp_1483,-0.07659345134403653,0.044679513284021054
msp_1484,-0.5337045419181512,0.3113276494522548
msp_1485,-0.8086563874039887,0.47171622598566
msp_1486,-0.4190571266944244,0.24444999057174752
msp_1487,0.4009193207584162,-0.23386960377574284
msp_1488,-0.22941573387056177,0.1338258447578278
msp_1489c,-0.15426226830601544,0.08998632317850885
msp_1490,-0.3676585274453766,0.21446747434313632
msp_1491,-0.4763889458843927,0.2778935517658957
msp_1492,-0.14978511247753887,0.08737464894523077
msp_1493,-0.500636143837358,0.2920377505717921
msp_1494c,-0.45047035214479686,0.26277437208446486
msp_1495,-0.07925590232872483,0.04623260969175622
msp_1496,-0.6901248757159691,0.40257284416764844
msp_1497,-0.30334607794651275,0.17695187880213245
msp_1498,0.4251766244660777,-0.24801969760521203
msp_1499,0.4773871956498111,-0.2784758641290564
msp_1500,0.7600513744734619,-0.443363301776186
msp_1501,-0.38334636115878457,0.22361871067595765
msp_1502,0.21810547211772238,-0.1272281920686714
msp_1503c,-0.6133794026187694,0.35780465152761537
msp_1504,0.44583802623143853,-0.2600721819683392
msp_1505,-0.4635795058176499,0.2704213783936293
msp_1506,0.005784455757049302,-0.003374265858278778
msp_1507,-0.3322969051481341,0.19383986133641148
msp_1508,0.3906809327430261,-0.22789721076676536
msp_1509,0.6766740059500466,-0.39472650347086047
msp_1510c,-0.500742413265035,0.2920997410712704
msp_1511c,0.42030812600310746,-0.24517974016847924
msp_1512,-0.22941573387056174,0.13382584475782774
msp_1513,-0.6894436867939024,0.4021754839631099
msp_1514,0.7449074215824764,-0.43452932925644455
msp_1515,-0.9069302881882404,0.5290426681098069
msp_1516,-0.36633869727283097,0.21369757340915144
msp_1517,-0.2372673202691349,0.13840593682366206
msp_1518,0.45411356146592496,-0.2648995775217896
msp_1519,-0.3441776873833953,0.20077031764031406
msp_1520,-0.409126653749397,0.23865721468714826
msp_1521,0.629671649591414,-0.36730846226165803
msp_1522,-0.287417573914349,0.1676602514500369
msp_1523,0.1846632031632495,-0.1077202018452289
msp_1524,-0.23711373768130067,0.1383163469807587
msp_1525,-0.2953204803309234,0.1722702801930387
msp_1526,-0.27396959959393025,0.15981559976312598
msp_1527,0.4100194504419014,-0.23917801275777587
msp_1528,-0.2990815463007909,0.17446423534212788
msp_1529,-0.6740116043553587,0.3931734358739592
msp_1530c,-0.5931936291135299,0.34602961698289225
msp_1531c,0.7664276933774383,-0.4470828211368389
msp_1532,0.29453603325163913,-0.1718126860634561
msp_1533,0.28037235446125386,-0.16355054010239772
msp_1535,0.6876076570793966,-0.40110446662964794
msp_1536,0.43465971330827796,-0.25355149942982885
msp_1538,-0.7025303084900908,0.4098093466192195
msp_1539,-0.3015816201668673,0.17592261176400584
msp_1540,0.6732025588250569,-0.39270149264794996
msp_1541,-0.6391922955200132,0.37286217238667413
msp_1542,0.26200481724446706,-0.15283614339260565
msp_1543,-0.344682137356517,0.20106458012463488
msp_1545,-0.7924402307071557,0.46225680124584084
msp_1546,-0.36744448625744336,0.21434261698350868
msp_1547c,-0.22941573387056177,0.13382584475782786
msp_1548,-0.4904211307117649,0.2860789929151963
msp_1549,0.11193287235373295,-0.06529417553967738
msp_1550,0.4320645351019324,-0.2520376454761273
msp_1551,0.776567012779466,-0.45299742412135496
msp_1552,0.5556576553842586,-0.3241336323074842
msp_1553,0.29419421929848205,-0.17161329459078103
msp_1554c,0.535901880855207,-0.3126094304988707
msp_1555c,0.41573421242892267,-0.2425116239168715
msp_1556,-0.9500272203223034,0.5541825451880101
msp_1557,0.8358163266648171,-0.4875595238878099
msp_1558,-0.7437201100747358,0.4338367308769291
msp_1559c,-0.500272785222921,0.2918257913800373
msp_1560,0.3711712510654152,-0.21651656312149228
msp_1561,-0.2561687229663408,0.14943175506369885
msp_1562,-0.6490871615170882,0.3786341775516345
msp_1564,0.44703759168064444,-0.2607719284803763
msp_1565,0.469671153626232,-0.2739748396153021
msp_1566,-0.2622868427022063,0.1530006582429537
msp_1567,-0.3315300098037808,0.19339250571887182
msp_1568,0.7605132251439581,-0.44363271466730875
msp_1570,-0.25515188259945604,0.14883859818301612
msp_1571c,-0.4940326076166878,0.28818568777640124
msp_1572,-0.5595165111920933,0.3263846315287211
msp_1573,-0.2747191392299504,0.16025283121747103
msp_1574,-0.3584042872637197,0.20906916757050317
msp_1575,0.5339228123504908,-0.3114549738711196
msp_1576,-0.40580856378981794,0.23672166221072707
msp_1577,-0.26871685020209474,0.15675149595122187
msp_1578c,-0.22834488994735783,0.13320118580262533
msp_1579c,0.8099248335007416,-0.47245615287543274
msp_1580c,-0.7260358947880643,0.4235209386263708
msp_1581,-0.7923026411149596,0.462176540650393
msp_1582,0.24536541413146398,-0.14312982491002071
msp_1583,-0.0005357727349029538,0.00031253409536008414
msp_1584,-0.9940187969688719,0.5798442982318418
msp_1586,-0.2647614741468981,0.15444419325235723
msp_1587,-0.7160201938089391,0.41767844638854795
msp_1588,-0.6714032204288765,0.39165187858351125
msp_1589,-0.12211550617103782,0.07123404526643874
msp_1590c,-0.9630555499768617,0.5617824041531695
msp_1591,-0.22992379603607918,0.13412221435437957
msp_1592,-0.2631482519296515,0.15350314695896344
msp_1594,0.4402595438168702,-0.2568180672265075
msp_1595,0.6051856727193764,-0.35302497575296937
msp_1596,0.36476659303077336,-0.2127805126012845
msp_1597,0.41725618022758043,-0.24339943846608858
msp_1598,0.8401510058551872,-0.49008808674885906
msp_1599,-0.27039097547667484,0.15772806902806027
msp_1600,0.32545450725007535,-0.18984846256254403
msp_1601,-0.2192290078106432,0.12788358788954182
msp_1603c,-0.2256055572643552,0.13160324173754054
msp_1604,-0.6224112881128844,0.3630732513991824
msp_1605,-0.5273482518249836,0.30761981356457374
msp_1606c,0.4065261177723164,-0.23714023536718445
msp_1607c,-0.017631724444800292,0.010285172592800198
msp_1608c,-0.08533616671421565,0.04977943058329259
msp_1609c,-0.7665034575110949,0.4471270168814722
msp_1610,-0.6236430952532565,0.3637918055643996
msp_1611,-0.7091274161461971,0.41365765941861504
msp_1612,-0.42723911783741236,0.2492228187384904
msp_1613,0.6344216554449188,-0.3700792990095361
msp_1614,0.32330763249082545,-0.18859611895298153
msp_1616,0.6379541059414816,-0.372139895132531
msp_1617,-0.5130255750312259,0.2992649187682151
msp_1618,-0.6957256260360593,0.4058399485210346
msp_1621,-0.5749427959497817,0.33538329763737246
msp_1622,0.29319010432751974,-0.1710275608577199
msp_1623,-0.3836383235338823,0.22378902206143123
msp_1624,-0.5061633543853179,0.29526195672476874
msp_1625,0.48394158274855437,-0.28229925660332333
msp_1626,0.8179873065898299,-0.4771592621774008
msp_1627,-0.4026205987659757,0.23486201594681913
msp_1628,-0.2597215567182291,0.15150424141896718
msp_1629,0.7728764619810388,-0.4508446028222725
msp_1631,-0.5272793749628547,0.3075796353949988
msp_1632,-0.33285217214999346,0.19416376708749608
msp_1633,-0.33290164084741786,0.1941926238276603
msp_1634,-0.43042389797296465,0.25108060715089603
msp_1635,-0.4891425041326964,0.2853331274107396
msp_1636,-0.46219985935814284,0.26961658462558336
msp_1637,-0.2792799626343412,0.16291331153669894
msp_1638,0.7018673382985133,-0.409422614007466
msp_1639,-0.5239423688860761,0.3056330485168775
msp_1640,-0.2410824766815,0.14063144473087488
msp_1641,0.45611325196301405,-0.2660660636450915
msp_1643c,0.26747584948199055,-0.1560275788644947
msp_1644,-0.6452129220054873,0.3763742045032011
msp_1646,-0.2824117331907525,0.1647401776946056
msp_1647,-0.11706059967754376,0.06828534981190058
msp_1648,-0.4899998473799915,0.2858332443049952
msp_1649,-0.6718110012557593,0.3918897507325265
msp_1650,0.2255211043842209,-0.13155397755746207
msp_1652,-0.38618140581296473,0.22527248672422936
msp_1653,-0.5758178966109213,0.33589377302303713
msp_1654,0.5334696877636941,-0.31119065119548833
msp_1655c,-0.38223493636638095,0.2229703795470556
msp_1656,-0.6195803751844581,0.3614218855242672
msp_1657,-0.45659065577146307,0.2663445492000201
msp_1658,-0.19017398348879344,0.11093482370179612
msp_1659c,0.3624706739845226,-0.21144122649097152
msp_1660,-0.623489193695209,0.3637020296555388
msp_1661,-0.06562823226079517,0.038283135485463964
msp_1662,0.6386698390145796,-0.37255740609183824
msp_1663,0.28649664083696297,-0.16712304048822826
msp_1664,0.6263603614104627,-0.3653768774894366
msp_1665,0.5845880888140959,-0.3410097184748894
msp_1666,-0.1875173110098609,0.1093850980890856
msp_1667,-0.621795100690089,0.36271380873588543
msp_1668,-0.1419320801775246,0.08279371343688925
msp_1669,0.7419686564482986,-0.4328150495948409
msp_1670,-0.2362740705874331,0.13782654117600265
msp_1671c,-0.40774305587478554,0.23785011592695823
msp_1672,-0.6693109437069397,0.3904313838290481
msp_1673,-0.6641376606132123,0.3874136353577072
msp_1674,0.09376321240056854,-0.05469520723366492
msp_1675,-0.3148802517961366,0.18368014688107948
msp_1676,0.7205407537357934,-0.42031543967921275
msp_1677,0.28942719527582605,-0.16883253057756528
msp_1678,0.30779089361102036,-0.17954468793976183
msp_1679,-0.2936097485794714,0.17127235333802496
msp_1680,-0.6695767666241981,0.3905864471974488
msp_1682c,-0.3957661880247589,0.2308636096811092
msp_1683,0.8859296940515604,-0.5167923215300769
msp_1684,-0.8438781835216457,0.4922622737209597
msp_1686,0.7732136081794458,-0.45104127143801026
msp_1687,-0.5505427517909639,0.32114993854472895
msp_1688,0.34402861142846863,-0.20068335666660667
msp_1689,-0.5901276405542827,0.3442411236566649
msp_1690,-0.1640607475153777,0.09570210271730369
msp_1691,-0.23036887365376701,0.1343818429646975
msp_1692,-0.24824870817474218,0.14481174643526626
msp_1693,-0.5369906551833062,0.3132445488569285
msp_1695,-0.2624518611891326,0.15309691902699393
msp_1696c,-0.6017824757400457,0.3510397775150265
msp_1697,0.04182151478967503,-0.024395883627310485
msp_1698,-0.5327217424842164,0.3107543497824598
msp_1699,0.6630583226679169,-0.3867840215562848
msp_1700,-0.5543803394743146,0.3233885313600169
msp_1701c,-0.3620729708343738,0.2112092329867181
msp_1702,-0.3401578615176962,0.1984254192186563
msp_1703,-0.3061647790692937,0.17859612112375464
msp_1704c,-0.31553583611752894,0.18406257106855875
msp_1705,-0.6290944143328641,0.36697174169417085
msp_1706,-0.5969638356431277,0.34822890412515767
msp_1707,0.5044744869184407,-0.294276784035757
msp_1708,0.5949351168876176,-0.3470454848511102
msp_1709,-0.5359059258787932,0.3126117900959626
msp_1710,-0.4122518055824341,0.24048021992308666
msp_1711,-0.3350660572445326,0.19545520005931075
msp_1712,0.5021509354605463,-0.2929213790186523
msp_1713,-0.5715054383933488,0.33337817239612005
msp_1714,-0.5570628137312245,0.3249533080098808
msp_1715,0.5872764223566487,-0.34257791304137836
msp_1716,0.558060763302491,-0.32553544525978634
msp_1717,-0.43704327203326393,0.25494190868607064
msp_1718,-0.4604654580611766,0.2686048505356864
msp_1719,-0.34138639781973923,0.1991420653948479
msp_1720,-0.005831514010783888,0.0034017165062905455
msp_1721,-0.48216940368591554,0.28126548548345076
msp_1723,0.6666577502737765,-0.38888368765970305
msp_1724,-0.8823703377618243,0.5147160303610642
msp_1725,-0.4976330701053665,0.29028595756146386
msp_1726,0.33521297595694677,-0.1955409026415523
msp_1727,-0.223360223507074,0.1302934637124599
msp_1728,0.2508221087335177,-0.14631289676121859
msp_1729,-0.5287031459821265,0.3084101684895738
msp_1731,-0.17689000257178675,0.10318583483354217
msp_1732,0.5118989936414471,-0.29860774629084413
msp_1733,-0.49695069168112704,0.28988790348065735
msp_1735,0.5443594674287274,-0.31754302266675755
msp_1737,-0.4685242214673119,0.2733057958559318
msp_1738,0.6562059815944937,-0.3827868225967877
msp_1739,-0.5098850583742013,0.2974329507182842
msp_1740,0.41324333511786193,-0.24105861215208615
msp_1741,0.4411434716379846,-0.2573336917888244
msp_1742,-0.48847178074704184,0.2849418721024412
msp_1743,0.09809353937764062,-0.05722123130362363
msp_1744,-0.41005578057925784,0.23919920533790032
msp_1745,0.6819177597436532,-0.3977853598504642
msp_1746,-0.09520989765761649,0.055539106966942996
msp_1747,-0.4755406705028259,0.2773987244599818
msp_1748,-0.2561371122326699,0.14941331546905748
msp_1749,-0.22217528193783936,0.12960224779707288
msp_1750,-0.4713776948553122,0.27497032199893195
msp_1751,-0.3125738860398975,0.18233476685660688
msp_1754,-0.40110986815666944,0.2339807564247238
msp_1755,0.11916647755784394,-0.0695137785754089
msp_1757,0.6726075773163702,-0.3923544201012159
msp_1759,-0.5200174357824544,0.30334350420643164
msp_1760,0.6454666869959903,-0.3765222340809944
msp_1763,0.8269139535451039,-0.4823664729013107
msp_1766,-0.35439249989685356,0.20672895827316462
msp_1767,-0.5540609571002363,0.32320222497513773
msp_1768,-0.3046709001125069,0.1777246917322957
msp_1769,-0.23828810723092975,0.13900139588470892
msp_1771,-0.43610235617390275,0.25439304110144323
msp_1772c,-0.21952936006728976,0.12805879337258583
msp_1773,-0.45950633037699673,0.26804535938658136
msp_1774,-0.46970253126470146,0.2739931432377425
msp_1775,0.6190223417202503,-0.36109636600347933
msp_1776c,-0.6686817574438069,0.3900643585088874
msp_1777,-0.42807232810382395,0.24970885806056417
msp_1778,0.2978283124862818,-0.17373318228366427
msp_1779c,-0.46303885040159665,0.27010599606759794
msp_1780c,-0.32419588591547915,0.18911426678402946
msp_1782,-0.1371539245739181,0.08000645600145218
msp_1783,-0.6747234766103377,0.39358869468936336
msp_1784,-0.2896297554370372,0.16895069067160506
msp_1785,-0.36851851824174914,0.2149691356410203
msp_1786,-0.3833473027014415,0.22361925990917422
msp_1787,-0.2542403168953996,0.1483068515223164
msp_1788,-0.44975996733677404,0.2623599809464515
msp_1789,-0.34853956690353405,0.20331474736039487
msp_1790,-0.6327130297690415,0.36908260069860765
msp_1793,-0.5146770722496077,0.3002282921456045
msp_1794,-0.14777179529659784,0.0862002139230154
msp_1799,0.4501732756889589,-0.262601077485226
msp_1801,-0.21051803390060803,0.1228021864420215
msp_1802,0.19113018985168617,-0.11149261074681693
msp_1805,-0.6022942139156134,0.35133829145077455
msp_1808,-0.3945311234480893,0.23014315534471863
msp_1810,-0.0035239052470638237,0.0020556113941207024
msp_1814,-0.6727424261739584,0.39243308193480914
msp_1815,0.38812774238084025,-0.22640784972215688
msp_1816,-0.3902943314416543,0.22767169334096496
msp_1817,0.7706006484819783,-0.4495170449478206
msp_1818,-0.22941573387056177,0.13382584475782786
msp_1819,-0.4468239439258234,0.2606473006233971
msp_1820,-0.3800916245777598,0.22172011433702662
msp_1821,-0.4034936962711236,0.23537132282482212
msp_1822,0.6097926113481488,-0.35571235661975353
msp_1823,-0.3144876054485139,0.1834511031782997
msp_1824,0.5558015438765863,-0.3242175672613421
msp_1826,-0.4340718230527782,0.25320856344745396
msp_1827,-0.28688808411878003,0.1673513824026217
msp_1828,-0.3547533795616445,0.20693947141095925
msp_1829,0.623633674571793,-0.36378631016687923
msp_1830,-0.31347085843460937,0.18285800075352224
msp_1831,-0.4327274687902935,0.2524243567943379
msp_1833,0.36424609780501377,-0.21247689038625794
msp_1834,0.676965974951934,-0.3948968187219613
msp_1835,0.7637092214402992,-0.4454970458401746
msp_1836,0.04568973209730814,-0.026652343723429842
msp_1837,-0.4926786766112813,0.28739589468991394
msp_1838,-0.2653546987275695,0.15479024092441562
msp_1839,-0.3329394891042246,0.19421470197746427
msp_1840,-0.47499333536244764,0.27707944562809445
msp_1841,-0.4146123682290584,0.2418572148002842
msp_1842,-0.22953954995695616,0.13389807080822433
msp_1843,-0.3817804098302661,0.22270523906765524
msp_1844,-0.32100308098429947,0.18725179724084154
msp_1845,-0.43204640913290326,0.25202707199419344
msp_1846,0.6136592394964172,-0.3579678897062435
msp_1847,-0.4814796278358116,0.28086311623755683
msp_1848,-0.3748207319847265,0.21864542699109044
msp_1849,0.7859260341943763,-0.45845685328005265
msp_1850,-0.6243826349435652,0.3642232037170798
msp_1851,-0.5456531865397594,0.318297692148193
msp_1852,0.38290738116970513,-0.22336263901566134
msp_1853,0.8097865714572989,-0.4723755000167578
msp_1854,-0.6696270791827359,0.39061579618992953
msp_1855,0.6295275141591341,-0.36722438325949475
msp_1856,0.8813418063430472,-0.5141160537001108
msp_1857,-0.4192855216990496,0.2445832209911122
msp_1858,-0.019407025892789958,0.011320765104127509
msp_1859,0.32468658328073835,-0.18940050691376406
msp_1860,0.41580248259222147,-0.2425514481787958
msp_1861,0.011196891859859757,-0.006531520251584867
msp_1862,0.42535735925408374,-0.24812512623154878
msp_1863,-0.2940367744887928,0.1715214517851291
msp_1864,-0.4580923400455164,0.26722053169321774
msp_1865,-0.22941573387056177,0.13382584475782763
msp_1866,-0.5333758450458616,0.31113590961008575
msp_1867,-0.24343317448296561,0.14200268511506334
msp_1868,0.7757943808004673,-0.4525467221336061
msp_1869,0.4524950231544206,-0.2639554301734121
msp_1870,-0.23333972421239807,0.13611483912389885
msp_1871,0.6796849596814312,-0.3964828931475017
msp_1873,-0.4983268762385027,0.29069067780579333
msp_1874,-0.4933800066009581,0.2878050038505589
msp_1875,-0.40328801790374313,0.2352513437771834
msp_1876,0.30612257923612696,-0.17857150455440737
msp_1877,-0.5290027963986657,0.30858496456588835
msp_1878,-0.45543564332842557,0.2656707919415815
msp_1879,-0.315764071842064,0.18419570857453724
msp_1880,0.3897917461961556,-0.22737851861442415
msp_1881,0.1436908111796258,-0.0838196398547819
msp_1882,-0.24145829981574526,0.14085067489251793
msp_1883,0.6081967434562594,-0.3547814336828179
msp_1884,-0.5074556286087349,0.2960157833550954
msp_1885,0.922799197184525,-0.5382995316909727
msp_1886,0.39980899740123227,-0.23322191515071888
msp_1887,-0.32000145544476116,0.18666751567611062
msp_1888,0.6812393976350368,-0.3973896486204382
msp_1889,0.3932841152066771,-0.22941573387056188
msp_1890,-0.33192532029746186,0.19362310350685266
msp_1891,-0.35788449109996695,0.20876595314164745
msp_1892,-0.2718776686807073,0.15859530673041264
msp_1893,-0.7271998269834085,0.42419989907365485
msp_1894,-0.383177356107235,0.22352012439588706
msp_1895,-0.32453301747326296,0.1893109268594034
msp_1896,0.7825748168203251,-0.45650197647852303
msp_1897,0.7658907323118562,-0.44676959384858256
msp_1898,0.3312333176710411,-0.19321943530810726
msp_1899,-0.3313213027859398,0.19327075995846496
msp_1900,-0.23660774742448634,0.13802118599761706
msp_1901,-0.38832824833612706,0.2265248115294073
msp_1902,-0.6087131137062318,0.3550826496619684
msp_1903,-0.2561071984131952,0.14939586574103056
msp_1904,-0.5534567327715328,0.32284976078339406
msp_1905,-0.21960117341858051,0.1281006844941719
msp_1906,-0.24440036891457195,0.14256688186683364
msp_1907,0.2901370037022251,-0.16924658549296454
msp_1908,0.4344713777061003,-0.25344163699522526
msp_1910,0.34623886084730426,-0.20197266882759413
msp_1911,0.511739253232553,-0.29851456438565577
msp_1912,0.8026991159600321,-0.4682411509766853
msp_1913,-0.2572331475499297,0.1500526694041257
msp_1914,-0.32348441497256347,0.18869924206732877
msp_1915,0.6500875068180394,-0.379217712310523
msp_1916,0.3880715443929946,-0.2263750675625803
msp_1917,0.7036199870221976,-0.4104449924296154
msp_1919,-0.2294157338705618,0.13382584475782752
msp_1920,-0.2251072745560641,0.13131257682437072
msp_1921,-0.3881795392418032,0.2264380645577185
msp_1922,0.3602171609802142,-0.21012667723845832
msp_1923,-0.2487627221915516,0.1451115879450718
msp_1924,-0.33517629828098194,0.19551950733057288
msp_1925,-0.44023325218596304,0.2568027304418116
msp_1926,0.5042803834150755,-0.2941635569921273
msp_1927,-0.38270829156350766,0.22324650341204613
msp_1928,0.7549784690196881,-0.4404041069281515
msp_1929,-0.24947032357248042,0.14552435541728023
msp_1930,-0.6793232773559171,0.39627191179095184
msp_1931,-0.32750189535556384,0.1910427722907456
msp_1932,-0.28568652653831056,0.16665047381401457
msp_1933,-0.5606964562082931,0.3270729327881711
msp_1934,0.3946982673263874,-0.2302406559403927
msp_1935,0.3311849967808892,-0.19319124812218536
msp_1936,0.44634492885676974,-0.260367875166449
msp_1938,-0.8607407898323213,0.502098794068854
msp_1939,-0.6355378731282421,0.3707304259914746
msp_1940,0.5525329111646023,-0.32231086484601806
msp_1941,-0.06274434254902302,0.03660086648693021
msp_1942,-0.4402330133878634,0.2568025911429203
msp_1943,-0.33173518900304705,0.19351219358511074
msp_1944,0.3704480285584353,-0.21609468332575402
msp_1945,-0.15172898644932006,0.08850857542877007
msp_1946,-0.43118489789990233,0.251524523774943
msp_1947,-0.30357421572024307,0.17708495917014208
msp_1948,-0.5518380312214058,0.321905518212487
msp_1949,-0.5911680716728337,0.344848041809153
msp_1956,0.09583268988601923,-0.05590240243351118
msp_1958,-0.22941573387056177,0.13382584475782777
msp_1962,-0.23211965950996968,0.135403134714149
msp_1964,-0.43466663683980966,0.25355553815655557
msp_1967,0.5892641085106051,-0.3437373966311863
msp_1968,-0.3429861490346767,0.2000752536035615
msp_1970,-0.813771201516155,0.4746998675510903
msp_1971,-0.4113288482516732,0.23994182814680942
msp_1975,-0.6998367097424804,0.40823808068311357
msp_1976,-0.44973930674796897,0.26234792893631514
msp_1977,-0.7111442957375858,0.41483417251359195
msp_1978,-0.27964536541979873,0.1631264631615492
msp_1979,-0.3250561181416675,0.18961606891597252
msp_1980,0.4775970111189195,-0.27859825648603637
msp_1981,0.47241521644829987,-0.2755755429281748
msp_1982,-0.2777528653376999,0.162022504780325
msp_1983,-0.3300097199763002,0.19250566998617513
msp_1984,-0.24402013029035063,0.14234507600270443
msp_1986,-0.10527761461617316,0.06141194185943419
msp_1987,-0.27044991952304537,0.15776245305510972
msp_1988,-0.3859368748638536,0.2251298436705813
msp_1989,0.43647935409738847,-0.2546129565568099
msp_1990,-0.29393967399214144,0.1714648098287492
msp_1991,-0.4683906888230095,0.2732279018134222
msp_1992,-0.22941573387056177,0.13382584475782788
msp_1993,0.37542192248794176,-0.21899612145129935
msp_1994,-0.318149987697213,0.18558749282337425
msp_1995,-0.24775277785492517,0.14452245374870634
msp_1996,-0.2304850074425653,0.13444958767482973
msp_1997,-0.28570071306356754,0.166658749287081
msp_1998,0.41405948079811455,-0.2415346971322335
msp_1999,-0.22941573387056177,0.13382584475782774
msp_2000,-0.2810097448096218,0.163922351138946
msp_2001,-0.31962326055260754,0.18644690198902106
msp_2002,-0.2294157338705618,0.13382584475782766
msp_2003,-0.3220599995545374,0.1878683330734802
msp_2004,-0.2819902841860747,0.16449433244187708
msp_2005,-0.20613238538171255,0.12024389147266563
msp_2006,-0.43565877058470953,0.25413428284108047
msp_2007,0.12429801223038218,-0.07250717380105627
msp_2009,0.27940011190162034,-0.16298339860927855
msp_2010,0.648655398476332,-0.37838231577786047
msp_2011,-0.39554117028112584,0.2307323493306569
msp_2013,-0.23462224868498707,0.13686297839957576
msp_2014,0.5850229337771721,-0.3412633780366836
msp_2015,-0.4064381039187,0.23708889395257504
msp_2019,0.5394692458823124,-0.3146903934313489
msp_2020,-0.07777906199111977,0.04537111949481989
msp_2023,0.21074997368708573,-0.12293748465080005
msp_2025,0.5010253909033157,-0.2922648113602674
msp_2028,0.08959986746443616,-0.052266589354254434
msp_2029,-0.30453246268650686,0.17764393656712896
msp_2032,0.4798838048443761,-0.27993221949255276
msp_2033,-0.30262007164945887,0.1765283751288509
msp_2036,-0.24288650565099967,0.14168379496308317
msp_2039,0.5076931849235506,-0.2961543578720712
msp_2042,-0.22941573387056177,0.13382584475782763
msp_2046,0.5367690495700231,-0.31311527891584673
msp_2048,-0.22941573387056177,0.1338258447578278
msp_2050,0.4013277416192808,-0.2341078492779138
msp_2053,0.26733986328536913,-0.155948253583132
msp_2054,-0.3810702131973975,0.22229095769848192
msp_2056,-0.2294157338705618,0.13382584475782758
msp_2058,-0.21437276996344545,0.1250507824786765
msp_2060,-0.4476513166354095,0.26112993470398904
msp_2062,-0.3243453682475249,0.18920146481105624
msp_2063,0.39596168532291104,-0.2309776497716981
msp_2066,-0.33365123993365436,0.19462988996129835
msp_2068,-0.5298694540183201,0.3090905148440201
msp_2070,0.9293171913255023,-0.5421016949398761
msp_2074,-0.4196483295153634,0.24479485888396194
msp_2076,-0.3950993116515402,0.23047459846339846
msp_2078,-0.22941573387056177,0.13382584475782777
msp_2088,0.9646353661842845,-0.5627039636074992
msp_2090,-0.22941573387056177,0.13382584475782774
msp_2101,-0.2805374616024371,0.16364685260142156
msp_2107,0.37487976652244537,-0.21867986380475982
msp_2110,-0.5071864072628639,0.295858737570004
msp_2111,-0.2768126031608196,0.16147401851047818
msp_2127,0.41828984495012456,-0.24400240955423938
msp_2130,-0.3367722031779867,0.1964504518538255
msp_2133,-0.23461614623253463,0.1368594186356452
msp_2134,-0.23847818249766453,0.13911227312363758
msp_2140,-0.22941573387056174,0.13382584475782774
msp_2141,-0.23925794995753297,0.13956713747522764
msp_2142,-0.2358636951401794,0.13758715549843806
msp_2151,0.6404880726503155,-0.37361804237935076
msp_2152,-0.3710156993791874,0.21642582463785928
msp_2155,-0.3764811284079039,0.21961399157127723
msp_2159,-0.6362239861568935,0.3711306585915212
msp_2161,-0.2637478710429297,0.15385292477504234
msp_2165,-0.44282617186890016,0.2583152669235253
msp_2168,0.3132294543541717,-0.18271718170660012
msp_2169,-0.3655967926828665,0.21326479573167212
msp_2176,0.36578858401380493,-0.21337667400805294
msp_2178,-0.32704114132018347,0.19077399910344037
msp_2180,-0.332125079363002,0.19373962962841795
msp_2191,0.0064251038668509276,-0.0037479772556630784
msp_2195,0.5287161544106562,-0.30841775673954946
msp_2196,-0.31509904625844115,0.18380777698409087
msp_2207,-0.5862100645990466,0.3419558710161105
msp_2209,-0.26733048977745394,0.15594278570351475
msp_2210,-0.3940338881619538,0.22985310142780635
msp_2211,-0.23559909446223254,0.13743280510296893
