"","Acetobacter","Acholeplasma","Achromobacter","Acidaminococcus","Acidiphilium","Acinetobacter","Actinomyces","Adlercreutzia","Aeromonas","Agathobaculum","Aggregatibacter","Akkermansia","Alistipes","Allisonella","Alloprevotella","Anaerococcus","Anaerofilum","Anaerofustis","Anaeroglobus","Anaeromassilibacillus","Anaerostipes","Anaerotignum","Anaerotruncus","Atopobium","Azospirillum","Bacillus","Bacteroides","Barnesiella","Bifidobacterium","Bilophila","Blastocystis","Blautia","Brachyspira","Butyricicoccus","Butyricimonas","Butyrivibrio","Caecibacter","Campylobacter","Candidatus.Gastranaerophilales","Candidatus.Methanomethylophilus","Catabacter","Catenibacterium","Christensenella","Citrobacter","Cloacibacillus","Clostridioides","Clostridium","Colibacter","Collinsella","Comamonas","Coprobacillus","Coprobacter","Coprococcus","Coraliomargarita","Corallococcus","Cryptobacterium","Culturomica","Dakarella","Desulfovibrio","Dialister","Dielma","Dorea","Drancourtella","Duodenibacillus","Eggerthella","Eisenbergiella","Elusimicrobium","Emergencia","Enorma","Enterobacter","Enterococcus","Erysipelatoclostridium","Escherichia","Eubacterium","Faecalibacterium","Faecalicatena","Faecalicoccus","Faecalitalea","Fenollaria","Flavonifractor","Fournierella","Fusicatenibacter","Fusobacterium","Gemella","Gemmiger","Gordonibacter","Granulicatella","Haemophilus","Hafnia","Helicobacter","Holdemanella","Holdemania","Hungatella","Intestinibacter","Intestinimonas","Klebsiella","Kluyvera","Lachnoanaerobaculum","Lachnoclostridium","Lachnospira","Lactobacillus","Lactococcus","Leptotrichia","Leuconostoc","Libanicoccus","Mailhella","Marvinbryantia","Massiliomicrobiota","Mediterranea","Megamonas","Megasphaera","Merdimonas","Methanobrevibacter","Methanomassiliicoccus","Methanosphaera","Mitsuokella","Mobilibacterium","Morganella","Mycoplasma","Negativibacillus","Neglecta","Niameybacter","Odoribacter","Olsenella","Oribacterium","Oscillibacter","Oxalobacter","Parabacteroides","Paraprevotella","Parasutterella","Parvimonas","Peptoniphilus","Peptostreptococcus","Phascolarctobacterium","Phocea","Plesiomonas","Porphyromonas","Prevotella","Prevotellamassilia","Proteus","Providencia","Pseudoflavonifractor","Pyramidobacter","Raoultella","Rikenella","Romboutsia","Roseburia","Ruminiclostridium","Ruminococcus","Ruthenibacterium","Saccharopolyspora","Sanguibacteroides","Selenomonas","Sellimonas","Senegalimassilia","Slackia","Solobacterium","Sphaerochaeta","Streptococcus","Subdoligranulum","Succinatimonas","Sutterella","Treponema","Turicibacter","Turicimonas","Tyzzerella","Veillonella","Weissella","unclassified","unclassified.Acidaminococcaceae","unclassified.Actinobacteria","unclassified.Aeromonadales","unclassified.Alphaproteobacteria","unclassified.Bacillales","unclassified.Bacilli","unclassified.Bacteria","unclassified.Bacteroidaceae","unclassified.Bacteroidales","unclassified.Bacteroidetes","unclassified.Burkholderiales","unclassified.Christensenellaceae","unclassified.Clostridia","unclassified.Clostridiaceae","unclassified.Clostridiales","unclassified.Clostridiales.Family.XIII..Incertae.Sedis","unclassified.Coriobacteriia","unclassified.Desulfovibrionales","unclassified.Eggerthellaceae","unclassified.Erysipelotrichaceae","unclassified.Erysipelotrichales","unclassified.Euryarchaeota","unclassified.Firmicutes","unclassified.Gammaproteobacteria","unclassified.Lachnospiraceae","unclassified.Mollicutes","unclassified.Muribaculaceae","unclassified.Negativicutes","unclassified.Odoribacteraceae","unclassified.Oscillospiraceae","unclassified.Peptostreptococcaceae","unclassified.Prevotellaceae","unclassified.Proteobacteria","unclassified.Rhodospirillaceae","unclassified.Rhodospirillales","unclassified.Ruminococcaceae","unclassified.Selenomonadaceae","unclassified.Sutterellaceae","unclassified.Tissierellia"
"SRS294914",0,0,0,0,0,0,0,0,0,0,0,0,0,0,0,0,0,0,0,0,171,0,0,0,0,0,130565,0,826,326,0,4109,0,867,0,0,0,0,0,0,0,0,0,0,0,0,4283,0,471,0,768,0,2023,0,0,0,0,3096,0,433,0,1343,0,0,42,0,0,0,0,0,0,51,4272,27962,6924,0,0,0,0,110,0,1757,1048,0,0,0,0,597,0,0,0,0,0,0,0,0,0,0,747,79,0,0,0,0,0,0,0,0,0,27164,3710,0,0,0,0,0,0,0,0,0,0,0,0,0,0,0,0,2354,0,0,0,0,0,0,0,0,0,13,0,0,0,0,0,0,0,1806,3356,0,0,18,0,0,0,0,0,0,9,0,44,0,0,0,0,0,0,0,14,0,62,0,0,0,0,0,0,0,0,0,0,0,0,0,0,12297,0,0,0,0,0,0,0,75,0,2209,0,0,0,0,0,0,0,0,0,0,0,0,0,0
"ERS1424332",847,0,0,87,0,0,0,11,0,0,0,22526,52559,0,0,9,0,0,0,46,938,0,788,0,131,0,45635,377,4619,247,333,3099,0,620,271,17,0,0,0,0,20,0,0,0,404,0,338,0,1988,0,774,149,1042,8,0,77,0,0,794,2225,0,1072,0,0,102,0,0,0,0,0,0,135,12524,6256,9494,35,0,0,16,1117,0,573,0,0,605,20,0,0,0,0,0,36,178,71,679,0,0,0,152,323,8,9,0,0,0,0,0,0,0,0,0,0,5165,0,0,0,0,0,2392,0,45,0,296,217,0,2025,0,2606,921,24,0,0,0,215,10,0,64,1430,0,0,0,11,0,0,0,371,1387,1887,9056,4738,0,0,0,0,284,0,0,0,197,454,0,31,0,24,0,0,0,0,7968,0,0,0,0,0,0,0,0,0,0,96,464,14,0,59552,0,0,237,1796,0,0,0,19131,0,1752,0,0,0,0,1091,0,0,11,10,0,1912,0,0,0
"ERS328910",748,0,0,1765,0,0,0,2054,0,0,0,6,25744,0,0,0,0,0,0,1434,1223,1418,60,0,8,0,40596,7762,13135,63,219,6412,307,741,482,0,0,0,46,0,0,0,23,0,0,0,2081,0,1384,0,492,296,9324,0,0,0,0,0,653,0,0,4091,0,0,9,34,0,0,38,0,0,9,0,5908,5232,7,0,0,0,5391,0,2872,0,0,2506,672,0,0,0,0,0,63,0,17,22,0,0,0,763,917,2014,0,0,0,0,0,0,21,0,3299,0,29,1507,0,0,0,0,0,0,0,0,0,706,48,0,4392,0,4704,0,72,0,0,0,5151,0,0,0,1080,0,0,0,3455,0,0,0,21,8994,3845,17438,133,0,0,0,0,0,0,0,0,113,0,0,654,0,0,0,0,0,0,7012,0,195,0,0,0,0,0,0,0,0,0,0,4483,0,38951,0,0,0,1389,760,0,0,16192,0,3848,0,0,0,0,4538,0,0,34,23,0,6313,0,0,0
"SRS475924",0,0,0,0,0,0,0,0,0,0,0,0,14,0,0,0,0,0,0,0,462,0,0,0,0,0,1053,0,316,27,0,3488,0,730,0,10,0,0,8,0,0,256,0,12,0,0,121,0,940,0,1094,0,1571,0,0,0,0,0,0,11,0,1167,0,0,19,0,8,0,0,1138,5,0,683,14001,10459,0,0,117,0,41,0,133,0,0,446,0,0,398,0,0,386,0,0,0,0,3615,20,0,80,83,0,22,0,0,0,0,0,0,0,0,0,0,0,0,0,0,0,0,0,0,0,0,43,78,0,480,0,84,0,0,0,6,9,6103,0,46,15,124335,14428,0,0,0,0,0,0,268,10872,0,1127,29,0,0,0,0,107,0,0,0,2022,0,5804,1207,0,14,0,0,203,346,352,0,0,0,0,0,0,0,0,2156,0,761,0,0,0,9355,0,0,0,121,0,0,0,752,0,23317,0,0,0,0,0,0,5,0,0,0,51,6,0,0
"SRS294924",0,0,0,0,0,0,0,0,0,0,0,0,718,82,0,0,0,0,0,0,61,0,0,0,0,0,6494,0,0,157,0,533,0,319,0,0,0,0,0,0,0,0,0,0,0,0,124,0,336,0,280,0,352,0,0,0,0,0,0,52,0,308,0,0,6,0,0,0,0,13,0,0,297,7139,4523,0,0,0,0,179,0,146,0,0,632,0,0,54,0,0,0,17,0,39,0,37,0,0,74,48,5348,0,0,0,0,0,0,0,0,2826,16,0,0,0,0,0,0,0,0,0,0,0,216,0,0,2196,0,445,0,0,0,0,0,4648,0,0,0,173563,0,0,0,0,0,0,0,83,1803,0,2475,10,0,0,0,0,24,0,0,0,0,0,0,2052,0,0,0,23,17,0,1818,0,0,0,0,0,0,0,0,0,0,0,0,0,0,3045,0,0,0,0,0,0,0,4201,0,6543,0,0,0,0,0,0,17842,0,0,0,79,0,0,0
"ERS537301",0,0,0,0,0,33,0,112,0,0,0,7,9909,0,0,0,0,0,0,14,464,0,0,0,0,0,12882,299,4735,205,0,4821,0,2013,86,0,0,0,0,0,0,0,21,66,0,0,256,0,627,0,588,914,9955,0,0,0,0,33,0,14583,0,1313,0,0,221,0,0,0,0,118,106,0,1337,19400,30266,0,51,0,0,131,0,265,0,9,2304,155,0,781,0,0,0,29,0,333,20,2309,0,0,174,296,2160,34,0,0,0,0,0,0,0,0,0,0,1099,0,0,0,0,0,0,0,0,0,123,0,0,5719,15,809,0,0,0,0,0,560,12,0,0,19525,0,0,0,0,0,33,0,210,19467,154,40581,212,0,0,0,0,110,0,10,0,962,0,0,38,0,39,0,0,283,0,2302,0,0,0,0,0,0,0,0,0,0,5,92,0,322,23746,0,0,0,0,0,0,0,6510,0,31611,0,0,0,0,279,0,0,61,0,0,8665,0,0,0
"SRS3638616",0,0,0,0,40,0,0,0,0,0,14,0,2644,0,0,0,0,0,0,0,86,0,0,0,0,0,1117,12,0,624,77,11248,411,675,271,8157,0,0,5292,0,0,0,0,0,0,0,731,0,1431,0,73,0,5106,0,0,0,0,0,667,122,0,4018,0,23,408,0,2366,0,0,6543,0,0,20,16246,5393,0,0,430,0,21,0,619,0,0,11144,0,0,259,0,0,487,0,0,75,0,207,0,0,67,208,929,610,0,0,0,0,0,0,0,0,0,0,4138,0,0,0,0,0,0,0,0,0,114,0,0,1035,0,239,0,0,0,0,0,4181,0,0,0,44773,12,0,0,0,0,0,0,1192,13637,8,11667,9,0,0,0,0,1474,0,9,0,736,0,6276,306,8286,0,0,0,96,86,29829,0,0,0,0,0,0,0,0,669,0,1960,0,0,0,34510,0,0,210,1091,0,0,0,26956,0,2426,0,0,0,0,133,0,7008,0,0,0,1559,0,0,0
"ERS848694",0,0,0,0,0,0,8,0,0,0,0,0,28,0,0,0,0,0,0,0,4836,0,5,0,0,0,23424,0,9949,313,0,31182,0,3076,0,0,0,0,0,0,0,0,0,0,43,0,3341,0,2249,0,6506,0,11339,0,0,0,0,477,0,6,88,16630,0,0,1578,143,0,5,0,0,0,176,933,40358,26188,22,0,0,0,6162,0,10865,28,25,0,0,0,49,0,0,0,121,29,264,9,8,0,0,508,105,6,0,0,0,0,0,0,0,0,10,0,0,0,0,0,0,0,0,0,0,0,0,14,0,0,274,0,1256,0,0,0,0,0,1422,0,0,0,20,0,0,0,0,0,0,0,0,123,196,4454,89,0,0,0,0,0,0,0,0,3027,0,0,219,0,0,0,904,28,0,612,0,0,0,0,0,0,0,0,0,0,0,0,0,0,9765,0,0,0,0,211,0,0,14525,0,8032,0,0,0,0,0,0,0,0,0,0,0,0,0,0
"X3828_v1",0,8078,0,0,0,0,0,154,0,0,0,4734,16953,0,0,0,0,0,0,437,960,0,0,0,0,0,36404,0,1224,286,342,10169,0,317,469,0,0,0,461,0,0,0,0,0,0,0,1446,0,1183,0,428,0,4169,0,0,0,0,0,0,91,0,2112,0,161,1644,0,0,0,0,0,0,0,709,39224,9197,0,0,0,0,1204,0,2231,0,0,2099,0,0,0,0,0,0,47,0,234,110,0,0,0,147,1475,0,0,0,0,0,0,0,0,0,0,0,0,1943,0,260,0,0,0,0,0,0,0,1056,0,0,4455,0,3722,0,0,0,0,0,0,0,0,0,0,0,0,0,71,0,0,0,1193,1315,134,8458,131,0,0,0,0,416,0,0,0,481,587,0,53,0,77,0,0,0,0,12457,6990,0,0,0,0,0,0,0,0,0,298,0,76,0,149906,0,0,0,0,220,0,0,24647,0,19878,0,0,0,0,514,0,0,0,0,0,922,0,0,0
"SRS146812",0,0,0,0,0,0,0,16,0,0,0,234,12049,0,0,0,0,0,0,20,134,0,0,0,0,0,31552,1995,1061,15,0,2845,0,310,288,0,0,0,0,0,0,0,0,0,0,0,161,0,116,0,794,0,407,0,0,0,0,0,37,876,0,578,0,0,21,0,0,0,0,0,0,96,70,3625,21600,0,0,0,0,900,0,321,0,0,256,0,0,0,0,0,0,45,0,0,20,0,0,0,129,271,2536,0,0,0,0,0,0,27,0,0,0,0,73,0,0,0,0,0,0,0,0,0,540,0,0,1500,91,3337,0,30,0,0,0,3240,7,0,0,232,0,0,0,7,0,0,0,0,4091,14109,4548,72,0,0,0,0,0,0,0,0,34,4803,0,0,0,0,0,0,9,0,7217,0,0,0,0,0,0,0,0,334,0,15,0,0,0,63771,0,6,0,0,12,0,0,32323,0,24135,0,0,0,0,420,0,0,14,0,0,2195,0,0,0
"SRS294886",0,0,0,0,0,0,0,316,0,0,0,0,1590,20,0,0,0,0,0,0,148,0,0,0,0,0,19765,0,1033,129,0,1437,0,309,30,0,0,0,0,0,0,0,0,0,0,0,118,0,0,15,264,0,153,0,0,157,0,272,14,0,0,183,0,0,14,9,0,0,0,0,0,0,256,18845,19189,0,0,0,0,80,0,284,0,0,1449,18,0,107,0,0,0,0,20,0,0,199,0,0,27,191,24796,0,0,0,0,0,0,0,0,6667,178,0,6,0,0,0,0,0,0,0,0,0,141,0,0,1773,0,415,0,335,0,0,0,901,0,0,0,108361,0,0,0,0,0,0,0,73,12026,508,37500,14,0,0,0,0,0,0,0,0,17,0,0,0,0,0,0,0,9,0,1250,0,0,0,0,0,0,0,0,162,0,0,0,0,0,20644,0,0,0,0,0,0,0,2543,0,14482,0,0,0,0,12,0,0,0,0,0,3232,0,0,0
"ERS1424356",0,0,0,178,0,0,0,186,0,0,0,1421,49122,0,0,0,0,0,0,22,505,0,0,0,0,0,29515,5096,2662,204,0,2190,0,569,332,0,0,0,0,0,0,0,0,0,0,0,376,0,202,0,472,400,3123,0,0,24,0,1466,0,2260,0,1154,0,0,38,24,0,0,0,0,6,0,160,5078,33534,116,0,37,0,546,0,779,0,0,780,53,0,308,0,0,0,126,6,335,40,0,0,0,62,309,2274,0,0,0,0,0,0,0,0,0,0,0,17,0,0,0,0,0,0,0,0,0,575,0,0,6358,872,6873,0,1679,0,0,0,0,9,0,0,17,0,0,0,6,0,0,0,101,3737,746,9882,428,0,0,0,0,0,0,0,0,440,564,0,0,0,10,0,0,228,0,4037,0,0,0,0,0,0,24,0,0,0,0,58,53,0,62725,0,0,0,300,9,0,0,16446,0,21412,0,0,0,0,552,0,0,0,0,0,1783,0,0,0
"SRS1858594",0,0,0,0,0,1416,0,27,0,0,0,58,1032,123,0,0,0,0,0,0,23,0,0,0,0,0,7142,0,0,354,0,79,0,311,0,0,0,0,0,0,0,0,0,0,0,0,321,0,68,19,0,0,147,0,0,0,0,12,0,3329,0,109,0,0,29,0,0,0,0,0,0,0,895,30,1399,0,0,0,0,321,0,97,0,0,202,0,0,0,0,0,11,0,0,0,87,0,0,0,134,0,25,0,0,0,0,0,0,0,0,0,0,0,0,0,0,0,0,0,0,0,0,0,6,0,0,573,10,953,706,92,0,0,0,77,0,0,0,288826,0,0,0,0,0,0,0,0,1198,0,378,8,0,0,0,0,0,0,0,0,0,0,0,37,0,0,0,0,0,0,10,0,0,0,0,0,0,0,0,0,0,0,0,0,0,1488,0,0,0,0,0,0,0,316,0,158,0,0,0,0,0,0,8,20,0,0,97,0,0,0
"SRS074964",0,0,0,0,0,0,0,26,0,0,0,2021,17749,0,0,0,0,0,0,8,121,0,5,0,0,0,122768,0,34,84,0,332,0,78,0,0,0,0,0,0,0,0,0,0,0,0,143,0,65,0,30,0,143,0,0,0,0,777,0,0,0,233,0,0,14,0,0,0,0,0,0,100,35,279,1459,0,0,0,0,629,0,61,0,0,3128,0,0,80,0,0,0,76,0,0,24,0,0,0,21,16,920,0,0,0,0,0,0,0,0,0,0,0,0,0,0,0,0,0,0,0,0,0,0,0,0,11807,0,4856,0,0,0,0,0,772,382,0,0,40,0,0,0,15,0,0,0,0,495,47,1636,360,0,0,0,0,0,0,0,0,15,0,0,0,0,0,0,0,22,0,38,0,0,0,0,0,0,0,0,0,0,0,0,0,0,1470,0,0,0,0,23,0,0,1707,0,2364,0,0,0,0,0,0,0,0,0,0,159,0,0,0
"SRS3104921",0,0,0,0,0,739,0,62,0,0,0,0,95076,0,0,0,0,0,0,16,14,0,64,0,0,0,19202,2493,0,1168,0,1151,0,189,993,0,0,0,0,0,0,0,0,0,0,0,584,0,63,0,0,52,132,0,0,0,0,0,0,0,0,38,0,0,263,5,0,0,0,0,0,0,0,8442,24272,0,0,0,0,1463,0,2217,0,0,1962,0,0,0,0,0,0,0,0,0,228,0,0,0,81,21,0,0,0,0,0,0,0,0,0,0,0,47,0,0,0,0,0,0,0,0,0,0,579,0,0,7105,0,1515,0,394,0,0,0,2064,0,0,0,0,0,0,0,149,0,0,0,0,326,49,3909,386,0,0,0,0,34,0,0,0,24,0,0,0,0,0,0,0,0,0,3713,0,118,0,0,0,0,0,0,2959,0,0,1700,22,0,11647,0,0,235,0,0,0,0,53002,0,240,0,0,0,0,5180,0,0,0,0,0,5685,0,0,0
"SRS820625",0,0,0,0,129,0,0,0,0,0,0,325,19340,0,0,0,0,0,0,0,24,0,369,0,0,0,394,0,0,23,165,3595,2030,530,60,46,0,0,2250,0,220,8246,0,0,0,0,158,0,1634,0,321,0,581,0,0,0,0,0,38,154,0,955,0,0,13,0,109,0,0,26,0,0,0,8962,6368,0,0,1949,0,21,0,36,0,0,520,0,0,217,0,0,1204,0,0,38,0,2355,0,0,0,126,197,577,0,0,0,0,0,0,0,0,0,0,20179,0,0,0,0,0,7526,0,0,0,0,101,0,2269,0,276,0,0,0,0,0,58,0,0,0,28129,0,0,0,0,0,0,0,19,2139,41,7510,6,0,0,0,0,283,0,0,604,352,0,1542,0,15476,0,0,0,24,144,14408,0,0,0,0,0,0,1492,0,28156,750,10,57,205,0,118677,0,0,0,231,0,0,0,49957,0,1491,25,0,0,0,2395,0,16070,0,0,0,628,7,0,0
"SRS3638648",0,0,0,0,0,0,0,0,0,0,0,0,8999,0,0,0,0,0,0,0,0,0,0,0,0,0,273,220,0,0,0,226,0,0,0,0,0,0,0,0,0,742,0,0,0,0,0,0,468,0,0,0,228,0,0,0,0,0,0,690,0,384,0,0,0,0,0,0,0,0,0,0,602,3679,19875,0,0,0,0,0,0,0,0,0,251,0,0,0,0,0,0,0,0,0,0,0,0,0,0,0,626,0,0,0,0,0,0,0,0,0,0,0,464,0,0,0,0,0,0,0,0,0,0,0,0,1616,0,0,0,0,0,0,0,0,0,0,0,193885,10282,0,0,0,0,0,0,0,17148,0,3170,0,0,0,0,0,0,0,0,0,0,0,1621,0,0,0,0,0,0,0,1886,0,0,0,0,0,0,0,0,0,0,230,0,0,0,6467,0,0,0,0,0,0,0,5346,0,455,0,0,0,0,369,0,201,0,0,0,0,0,0,0
"SRS3638657",0,0,0,0,18,0,0,0,0,0,0,0,1575,0,0,0,0,0,0,0,14,0,246,0,0,0,4598,348,0,107,272,4277,0,554,76,11398,0,0,0,0,0,260,0,0,0,0,1202,0,266,16,237,0,2491,0,0,0,0,0,114,7175,0,2394,0,0,0,0,0,0,0,0,0,0,925,8050,23755,0,0,123,0,165,0,118,0,0,1398,0,0,48,0,0,178,0,0,304,0,0,0,0,371,83,671,0,0,0,13,0,0,0,0,0,0,0,0,0,0,0,0,0,268,0,0,0,316,133,0,6574,0,505,0,0,0,0,0,15,0,0,17,107711,0,0,0,0,0,0,0,172,18937,186,12959,0,0,0,0,0,30,0,0,0,394,0,25,503,0,64,0,0,115,0,5077,0,0,0,0,0,0,0,0,43,0,0,0,0,0,42301,0,0,0,31,0,0,0,14242,0,8853,0,0,0,0,737,0,0,0,0,0,991,0,0,0
"SRS476270",0,0,0,0,4,0,0,0,0,0,0,0,30,0,0,0,0,0,0,0,86,0,0,0,0,0,448,6,1433,7,0,2046,0,371,0,21,0,0,0,0,0,1931,0,0,0,0,269,0,986,0,82,0,651,0,0,0,0,0,14,6319,0,1398,0,246,9,0,0,0,0,0,0,0,404,1377,6866,0,0,240,0,103,0,148,16,0,960,0,0,92,0,0,416,0,0,31,0,321,0,0,97,88,866,6,0,0,0,0,0,0,0,17,0,0,0,0,0,171,0,0,0,0,0,0,0,129,0,436,0,48,0,0,9,0,0,2004,0,0,6,161598,2958,0,0,0,0,0,0,146,5957,0,1734,0,0,0,1452,0,133,0,0,0,363,0,14909,1424,0,29,0,0,32,5,218,0,0,0,0,0,0,0,0,151,0,101,0,0,0,3057,0,0,0,139,0,0,0,869,0,14961,0,0,0,0,0,0,14150,0,0,0,98,1991,562,0
"SRS3638597",0,0,0,0,442,0,0,301,0,0,0,0,27266,95,0,0,0,0,0,0,87,0,125,0,0,0,1869,0,0,416,31,8203,0,1432,37,1465,0,0,6543,0,7,236,0,0,0,0,594,0,648,0,336,11,11490,0,0,559,0,0,240,0,0,7378,0,0,999,0,0,0,0,0,0,0,471,9651,18571,0,0,898,0,28,0,111,0,0,581,1124,0,158,0,0,182,33,0,155,0,0,0,0,266,170,1217,0,0,0,0,0,0,0,0,0,0,0,359,0,0,0,0,0,59,0,0,0,1363,0,0,3619,0,939,0,77,0,0,0,5769,0,0,0,52072,0,0,0,0,0,0,0,37,13176,125,16707,0,0,0,0,0,101,0,0,0,60,0,67140,1812,0,40,0,0,0,0,13577,0,0,0,0,0,0,42,0,0,0,22,70,0,0,44757,0,0,0,447,0,0,0,15568,0,6402,0,0,0,0,518,0,7149,189,0,0,1537,0,0,0
"SRS294905",0,0,0,3899,0,0,0,0,0,0,0,0,95,0,0,0,0,0,0,0,17,0,0,0,0,0,99354,0,341,11,0,28251,0,0,0,0,0,19,0,0,0,0,0,0,0,0,190,0,192,0,0,0,139,0,0,0,0,363,0,3823,0,436,0,0,127,0,0,0,0,60,0,140,722,49833,0,0,0,8380,0,259,0,1053,100,0,0,0,0,4209,0,0,0,0,10,21,0,7673,0,0,98,0,29,0,0,0,0,0,0,0,0,0,2646,0,0,0,0,515,0,0,0,0,0,0,0,0,0,341,0,346,0,0,0,0,0,695,0,0,0,6,0,0,0,0,0,0,0,666,24576,0,95,39,0,0,0,116,0,0,0,0,1891,0,0,4321,0,0,0,554,19198,0,0,0,0,0,0,0,0,0,0,0,0,0,0,0,0,527,0,0,0,0,45,0,0,1246,0,119,0,0,0,0,0,0,0,0,0,0,0,0,0,0
"SRS259547",0,0,0,0,0,0,0,0,0,0,0,0,41,0,0,0,0,0,0,0,2460,0,0,0,0,0,32749,0,3865,21,0,4252,0,0,0,0,0,0,0,0,0,0,0,0,0,0,26,0,512,0,0,0,46,0,0,0,0,4192,0,0,0,147,0,0,22,0,0,0,0,0,0,381,6158,1619,0,0,0,0,0,26,0,0,738,0,0,0,0,173,0,0,0,0,13,0,0,1855,0,0,97,0,54,0,0,0,0,0,0,0,0,0,24,0,0,0,0,0,0,0,0,0,0,0,10,0,0,14,0,1813,0,0,0,0,0,6716,0,0,0,231736,0,0,0,0,0,0,0,0,321,0,0,0,0,0,0,0,0,0,0,0,2548,0,0,0,0,0,0,133,461,0,0,0,0,0,0,0,0,0,0,0,0,0,0,0,0,5555,0,0,0,0,0,0,0,1014,0,327,0,0,0,0,0,0,0,0,0,0,0,0,0,0
"SRS015890",0,0,0,191,0,1400,0,0,0,0,0,230,21077,0,0,0,0,0,0,0,0,0,0,0,0,0,184992,0,258,20,0,87,0,22,0,0,0,0,0,0,0,0,0,0,0,0,19,0,68,0,0,0,36,0,0,0,0,0,0,211,0,72,0,0,0,0,0,0,0,0,0,12,0,1182,478,0,0,0,0,150,0,16,0,0,112,0,0,145,0,0,0,9,0,0,0,0,0,0,0,0,0,0,0,0,0,0,0,0,0,0,0,0,0,0,0,0,0,0,0,0,0,0,1985,0,0,1556,0,5783,0,88,0,0,0,0,27,0,0,0,0,0,0,0,0,0,0,70,5030,0,559,29,0,0,0,0,0,0,0,0,0,0,0,0,0,0,0,0,15,0,84,0,0,0,0,0,0,0,0,0,0,0,0,0,0,1233,0,0,0,0,49,0,0,654,0,310,0,0,0,0,0,0,0,0,0,0,38,0,0,0
"DRS091385",0,0,0,0,0,0,0,0,0,0,0,0,0,0,0,0,0,0,0,0,495,0,0,0,0,0,79061,0,73734,0,0,33041,0,0,0,0,0,0,0,0,0,0,0,227,0,0,804,0,0,0,0,0,0,0,0,0,0,0,0,0,0,1846,0,0,418,0,0,0,0,0,1680,6364,12593,0,0,0,0,0,0,948,0,0,0,65,0,0,0,126,0,0,0,0,0,10,0,31,0,0,0,0,0,6,0,0,0,0,0,0,0,0,0,0,0,0,0,0,0,0,0,0,0,0,0,0,0,0,0,8707,0,0,0,0,0,0,0,0,0,0,0,0,0,0,0,0,0,0,0,0,0,0,0,0,0,801,0,0,11,0,1660,0,0,0,0,0,0,0,37171,0,0,0,0,0,0,0,0,0,0,0,0,0,0,0,0,748,0,0,0,0,0,0,0,974,0,0,0,0,0,0,0,0,0,0,0,0,0,0,0,0
"ERS1801395",0,0,0,0,0,0,0,12,0,0,0,0,12588,0,0,0,0,0,0,13,278,0,66,0,0,0,99186,987,14,49,0,1767,0,537,232,0,0,0,0,0,0,0,0,0,0,0,671,0,357,0,927,0,541,0,0,0,0,0,1211,10,0,301,0,0,24,21,0,0,0,26,0,5,61,14136,14918,0,23,0,0,887,0,421,1510,0,1921,0,0,22,0,0,0,86,5,116,136,114,0,0,169,458,5082,63,0,0,0,0,0,0,0,4877,0,0,0,0,0,0,0,0,0,0,0,0,1052,0,0,4239,0,1703,0,25,0,0,0,4568,28,0,0,245,0,0,0,0,0,0,0,22,2883,0,8772,156,0,0,0,0,86,0,0,0,44,0,0,639,0,0,0,0,15,0,734,0,0,0,0,0,0,0,0,0,0,0,0,0,0,32581,0,0,0,0,10,0,0,7416,0,694,0,0,0,0,0,0,0,26,0,0,1238,0,0,0
"DRS091149",0,0,0,219,0,0,0,57,0,0,0,32,2469,296,0,0,0,0,0,0,0,0,13,0,0,0,72169,0,1086,533,0,728,0,221,0,0,0,0,0,0,0,0,0,0,17,0,282,0,132,0,188,1721,5027,0,0,0,0,0,43,0,31,15,0,0,30,10,0,0,0,0,0,0,21,12866,15322,0,0,40,0,556,0,0,0,0,384,0,0,538,0,0,0,123,17,0,53,0,0,0,1505,0,17,0,0,0,0,0,0,0,0,6757,9,0,11,0,0,0,0,0,0,186,0,0,475,0,0,4682,0,5788,0,0,0,0,0,5580,63,0,0,60722,19120,0,0,0,0,23,0,40,5451,88,9667,147,0,21,0,0,0,0,0,0,516,0,0,560,0,0,0,0,15,0,393,0,0,0,0,0,0,0,0,0,0,3044,0,0,0,23757,0,0,0,0,0,0,0,3669,401,447,0,0,0,0,118,0,3012,75,0,0,65,0,0,0
"SRS475567",0,0,0,61,1587,0,0,0,0,0,0,0,4233,41,0,0,0,0,0,0,0,0,6,0,0,0,7357,88,227,117,0,2865,0,186,60,16,283,20,0,0,0,237,0,22,0,0,252,0,744,0,141,0,1528,0,0,0,0,0,395,1943,0,282,0,0,7,0,0,0,0,316,0,191,1730,10569,5694,0,0,235,0,344,0,72,0,0,763,0,0,50,0,0,100,0,10,119,18,9116,0,0,140,34,6341,0,0,0,99,0,0,0,0,0,0,0,35,0,0,63,0,7,0,0,0,0,176,252,0,2724,0,916,37,18,20,0,0,3039,0,0,8,148059,18,0,0,0,0,0,0,21,6923,0,2673,214,0,0,0,0,73,0,0,0,3095,0,5174,2175,0,13,0,515,0,26,2374,0,0,0,0,0,0,0,0,0,0,0,56,0,0,7408,0,0,0,166,0,0,0,4008,0,4820,0,0,0,0,21,0,4,0,0,0,1784,0,0,0
"ERS328959",0,0,0,0,0,0,0,0,0,0,0,0,10487,0,0,0,22,0,0,132,1039,0,6,0,0,0,56449,3348,1626,275,0,2661,0,622,0,0,0,0,5790,0,0,0,0,0,0,0,239,0,0,0,288,0,784,0,0,0,0,0,0,0,14,260,0,0,331,0,0,0,0,0,0,27,8,42661,21863,0,0,0,0,389,0,670,0,0,2280,38,0,0,0,0,0,53,0,82,14,0,0,0,598,456,0,0,0,0,0,0,0,0,0,0,0,0,0,0,0,0,0,0,0,12,0,0,1127,0,0,3868,0,9433,0,0,0,0,0,3312,0,0,0,0,0,0,0,15,0,0,0,0,26991,169,10244,29,0,0,0,0,0,0,0,0,7,0,0,1382,0,0,0,0,0,0,525,0,0,0,0,0,0,0,0,1507,0,827,0,31,0,20117,0,0,0,262,0,0,0,4874,0,8997,0,0,0,0,0,0,0,0,0,0,5379,0,0,0
"SRS053587",0,0,0,0,0,11305,0,16,0,0,0,0,11861,0,0,0,0,0,0,4,409,0,5,0,0,0,136542,93,169,229,0,279,0,90,0,0,0,0,0,0,0,0,0,0,0,0,33,0,92,0,98,0,143,0,0,0,0,0,0,9,0,126,0,0,6,5,0,0,0,0,0,13,18,1875,1678,0,0,0,0,607,0,99,0,0,162,0,0,0,0,0,0,27,0,0,0,0,0,0,0,19,1140,0,0,0,0,0,0,0,0,0,0,0,0,0,0,0,0,0,0,7,0,0,83,0,0,1849,0,13900,0,1679,0,0,0,7198,14,0,0,687,0,0,0,0,0,0,0,66,2747,84,873,861,0,0,0,0,0,0,0,0,70,0,0,38,0,0,0,0,15,0,1115,0,0,0,0,0,0,0,0,0,0,0,0,10,0,1376,0,0,0,0,15,0,0,1357,0,2108,0,0,0,0,0,0,0,0,0,0,26,0,0,0
"DRS090872",0,0,0,0,0,0,0,1610,0,0,0,0,2429,0,0,0,0,0,0,0,5229,0,34,27,0,0,34886,964,10029,0,0,11884,0,2324,0,0,0,0,0,0,0,0,0,19,0,0,477,0,0,0,6551,0,540,0,0,0,0,0,0,1651,0,4046,0,0,300,0,0,0,0,15,0,60,0,39019,16844,0,0,0,0,749,0,1196,0,0,12268,64,21,604,0,0,0,145,0,0,17,0,0,0,348,200,24,0,0,0,0,0,0,0,0,0,0,20,0,0,0,0,0,0,0,0,0,0,0,0,0,1187,0,1269,0,1735,26,17,0,3022,28,0,0,55645,0,0,0,0,35,0,0,117,3168,18,9791,31,0,0,0,34,0,0,11,0,3554,0,0,0,0,0,0,0,296,0,774,0,0,0,0,0,0,0,0,0,0,0,0,0,0,17871,0,0,0,0,123,0,0,9860,0,10119,0,0,0,0,0,0,0,0,0,0,1600,0,0,0
"ERS1487580",0,0,0,0,0,0,0,109,0,0,0,454,13625,352,0,0,0,0,0,129,429,0,5,0,0,0,24983,920,2929,266,0,5008,0,394,57,0,0,0,0,0,0,0,18,0,65,0,160,0,812,0,752,0,1276,0,0,49,0,0,902,9,25,1252,0,0,23,9,0,0,0,0,0,11,1010,5865,19867,0,0,0,0,1411,0,1786,0,0,11567,460,0,35,0,0,0,125,15,7,12,20,0,0,458,334,3447,0,0,0,0,0,0,0,0,36761,245,0,0,0,0,0,0,0,0,62,0,0,350,0,0,2633,14,1194,1510,0,9,0,0,3098,36,0,0,854,0,0,0,0,0,0,0,79,27409,2450,25376,769,0,0,0,0,0,521,10,0,770,0,0,1281,0,0,0,0,93,0,2921,0,0,0,0,0,0,0,0,262,0,0,0,0,0,61808,0,0,0,0,0,0,0,20303,0,455,0,0,0,0,133,0,0,0,0,0,8182,0,0,0
"ERS475107",0,0,0,0,0,0,0,108,0,0,0,7845,6907,0,0,0,0,0,0,84,806,0,9,0,0,0,70372,6,173,1128,0,2484,0,774,214,0,0,0,0,0,0,0,0,0,0,0,268,0,0,0,377,0,188,0,0,0,0,0,0,7,0,279,0,0,17,0,0,23,0,0,0,11,101,28526,26191,0,0,0,0,299,0,684,0,0,2403,21,0,33,0,0,0,37,14,113,54,124,0,0,123,427,13,0,0,0,0,0,0,0,0,3018,0,0,0,0,0,0,0,0,7,0,0,0,611,0,0,4874,0,10901,0,84,0,0,0,2204,0,0,0,41,0,0,0,0,0,0,0,122,13898,479,25322,99,0,0,0,0,0,0,0,0,10,0,0,0,0,0,0,71,0,0,337,0,0,0,0,0,0,0,0,0,0,1939,0,0,0,19813,0,0,0,0,7,0,0,3586,0,5366,0,0,0,0,0,0,0,0,1485,0,1212,0,0,0
"X3613_v3",0,0,0,0,0,0,0,67,0,0,0,26415,26922,38,0,0,0,0,0,0,2692,0,482,0,2375,0,6709,846,839,32,0,7993,0,1835,1099,0,0,0,0,0,0,2683,0,0,0,0,1562,0,1410,0,550,510,4383,0,0,0,0,0,18,7375,0,4322,0,0,893,0,0,0,0,0,0,0,2752,5241,9337,0,0,0,0,188,0,1590,0,0,490,0,0,0,0,0,530,0,0,0,0,0,0,0,50,1021,500,0,0,0,0,0,0,0,0,0,215,0,3474,0,0,0,0,0,0,0,0,0,607,153,0,6278,0,621,758,295,0,0,0,0,0,0,0,15685,0,0,0,0,0,0,0,368,8231,7413,16110,47,0,0,0,0,184,0,0,0,0,1973,0,573,0,0,0,0,0,0,8510,0,0,0,0,0,0,0,0,474,0,0,1049,0,0,98333,0,0,0,136,0,0,0,59812,0,6883,0,1395,0,0,1254,0,0,1127,0,0,4291,0,0,0
"X3790_v2",0,0,0,0,0,0,0,399,0,0,0,747,6961,0,0,0,0,0,0,0,4309,0,0,0,7298,0,23773,4064,4057,782,0,12955,0,582,133,0,0,0,1254,0,0,0,0,0,0,0,684,0,1486,0,3042,0,2875,0,0,0,0,0,376,2809,0,1485,0,423,36,0,0,0,0,0,0,0,0,8535,22423,0,0,0,0,302,0,6962,0,0,603,0,0,0,0,0,0,46,0,0,0,0,0,0,0,1906,0,0,0,0,0,0,0,0,0,0,0,0,200,0,0,0,0,0,0,0,0,0,862,0,0,1984,0,5286,1166,0,0,0,0,0,0,0,0,19965,0,0,0,0,0,0,0,0,13369,1198,25710,53,0,0,0,0,0,0,0,0,102,44,0,0,0,0,0,0,0,0,4679,0,0,0,0,0,0,181,0,0,0,1009,161,0,0,114813,0,0,0,0,0,0,0,21048,0,8713,0,0,0,0,1424,0,0,0,0,0,8578,0,0,0
"ERS608501",96,0,0,0,0,0,0,1318,0,0,0,1207,182,0,0,0,0,0,0,29,14817,0,0,0,0,0,223,6,11715,5,0,167118,91,6303,0,0,0,0,114,0,16,0,0,0,0,0,3346,0,0,0,0,0,2848,0,0,0,0,0,0,131,0,18625,0,0,1348,17,0,0,1089,0,0,765,14,8524,296,0,0,0,0,17,0,0,33,0,0,1326,0,0,0,0,0,0,0,0,0,0,0,0,64,0,0,0,0,0,0,0,0,329,0,0,0,0,0,0,0,0,0,0,0,0,0,0,5,0,0,10,0,73,0,0,0,0,0,0,0,0,0,0,0,0,0,0,0,0,0,38,0,80,18,177,0,0,0,22,0,0,0,0,233,0,0,0,0,0,0,0,0,0,96,0,0,0,0,0,0,0,0,0,0,0,0,0,0,3257,0,0,0,0,2443,0,0,12324,0,391,0,218,0,0,0,0,0,195,29,0,0,0,0,0
"DRS091171",0,0,0,530,0,0,0,179,0,0,0,2912,14966,0,0,0,0,0,0,134,387,0,82,0,0,0,16871,8131,16786,885,0,2551,0,0,373,0,0,0,0,0,72,0,99,0,0,0,303,0,2610,0,0,0,1364,0,0,0,0,0,0,2668,0,391,0,0,126,222,0,0,0,0,23,75,63,27842,5267,0,0,0,0,1764,0,644,0,0,944,0,0,144,0,0,0,228,8,233,1356,0,0,0,427,76,1018,0,0,0,0,0,0,22,0,0,0,0,0,0,0,0,0,0,0,0,0,0,316,0,0,1292,0,5573,0,0,0,0,0,0,0,0,0,118,0,0,0,94,630,0,0,148,90,21,14392,1211,0,0,0,0,0,345,8,0,114,0,0,83,0,0,0,0,17,0,18249,0,0,0,0,0,0,2349,0,0,0,0,0,31,0,50515,0,0,0,853,0,10573,0,56554,0,1693,0,0,0,0,5907,0,0,0,0,0,2973,0,0,0
"SRS3638672",0,0,0,0,2045,0,0,0,0,0,0,0,34816,0,0,0,0,0,0,0,7,0,0,0,0,0,2124,360,52,13,0,1604,0,51,136,4720,0,0,11416,0,69,2461,0,0,0,0,3894,0,978,0,425,0,420,0,0,0,0,0,6,7034,0,203,0,126,178,0,419,0,0,0,0,0,281,7929,2065,0,0,381,0,0,0,499,0,0,1892,0,0,1002,0,0,1967,0,0,436,0,0,0,0,16,34,737,16,0,0,107,0,0,0,0,0,0,0,988,0,165,0,0,0,2254,0,0,0,843,673,0,984,0,3411,0,0,0,0,0,15,0,0,0,59300,0,0,0,0,0,0,0,800,3819,24,9143,0,0,0,0,0,292,0,0,0,0,0,1675,11,0,702,0,0,70,0,10259,0,0,0,0,6991,0,4350,0,0,0,0,15,10,0,60324,0,0,0,404,0,0,0,12742,0,1986,0,0,0,0,50,0,23796,0,0,0,504,0,0,0
"SRS049900",0,0,0,0,0,0,0,7,0,0,0,0,5204,0,0,0,0,0,0,25,486,0,0,0,0,0,181888,0,168,36,0,1623,0,17,0,0,0,0,0,0,0,0,0,0,0,0,27,0,177,0,99,0,0,0,0,0,0,0,0,6513,0,395,0,0,30,0,0,0,0,0,0,61,34,1182,881,0,0,0,0,1041,0,95,0,0,0,0,0,18,0,0,0,10,0,0,0,0,0,0,12,42,0,19,0,0,0,0,0,0,0,0,0,0,0,0,0,0,0,0,0,0,0,0,1158,0,0,1365,0,9145,0,0,0,0,0,0,21,0,0,31,0,0,0,0,0,0,0,0,1884,15,75,568,0,0,0,0,0,0,0,0,76,0,0,0,0,0,0,0,13,0,0,0,0,0,0,0,0,0,0,0,0,0,0,276,0,1942,0,0,0,0,47,0,0,267,0,571,0,0,0,0,0,0,0,0,0,0,66,0,0,0
"ERS1801156",0,0,0,0,0,33,0,0,0,0,0,10,7188,0,0,0,0,0,0,0,113,0,0,0,0,0,98062,0,0,0,0,4405,0,59,0,0,0,0,0,0,0,0,0,10,0,0,25,0,0,0,0,0,624,0,0,0,0,0,0,0,0,0,0,0,359,0,0,0,0,41,0,1488,2236,8557,0,0,0,0,0,4647,0,0,11203,0,0,0,0,281,0,0,0,0,124,14,0,2249,0,0,4092,0,0,0,0,0,0,0,0,0,0,31797,0,0,0,0,0,0,0,0,0,0,0,0,0,0,0,0,0,17632,0,5383,0,0,0,6494,0,0,0,0,0,0,0,0,0,0,0,0,0,0,10,78,0,0,0,0,0,0,0,0,86,0,0,0,0,0,0,1130,235,0,0,0,0,0,0,0,0,0,0,0,0,0,0,0,0,7858,0,0,0,0,0,0,0,0,0,23,0,0,0,0,0,0,0,0,0,0,0,0,0,0
"ERS328857",0,0,0,0,172,0,0,8,0,0,0,0,3488,0,0,0,0,0,0,24,831,0,0,0,3113,1340,15360,3937,96,113,0,3080,0,386,268,7429,0,10,1185,0,0,0,0,0,0,0,275,0,237,0,1080,679,2655,0,0,0,0,0,0,6368,0,701,0,0,194,0,0,0,0,0,0,0,32,6253,9160,0,0,13,0,86,0,624,0,0,291,0,0,119,8,0,767,27,5,62,0,0,0,0,208,212,9300,133,0,0,0,0,0,0,0,0,0,0,0,0,0,0,0,0,16452,0,0,0,950,0,0,2304,0,4891,1198,55,0,0,0,0,0,0,7,42829,0,0,0,0,0,0,0,229,5412,299,7057,14,0,0,0,0,6,0,0,0,205,882,0,406,0,0,0,0,36,0,7644,0,0,203,0,0,0,0,0,0,0,0,44,17,0,95471,0,0,0,0,0,0,0,27859,0,3698,0,0,0,0,334,0,0,0,119,0,2205,0,0,0
